"RelativePath","Length","LastWriteTime"
"PLANTA_LCPIC\Temp\Objects\Config1\main.mak","3109","2026-04-03T03:09:43.8756798-03:00"
"PLANTA_LCPIC\Temp\Objects\Config1\X20CP0483\ConfigInfo.cfi","1349","2026-04-03T03:09:48.4951954-03:00"
"PLANTA_LCPIC\Temp\Objects\Config1\X20CP0483\Libraries.h","28385","2026-04-03T03:09:48.6651784-03:00"
"PLANTA_LCPIC\Temp\Includes\Program\Typestyp.h","427","2026-04-03T03:09:48.6851772-03:00"
"PLANTA_LCPIC\Temp\Includes\Program\Variablesvar.h","1175","2026-04-03T03:09:48.6851772-03:00"
"PLANTA_LCPIC\Temp\Includes\Globaltyp.h","421","2026-04-03T03:09:48.6851772-03:00"
"PLANTA_LCPIC\Temp\Includes\Globalvar.h","421","2026-04-03T03:09:48.6851772-03:00"
"PLANTA_LCPIC\Temp\Objects\HeaderFileDependencies.lst","0","2026-04-03T03:09:48.6951753-03:00"
"PLANTA_LCPIC\Temp\Objects\Config1\X20CP0483\#cpu_tp.mak","1570","2026-04-03T03:09:48.7251726-03:00"
"PLANTA_LCPIC\Temp\Objects\Symbols.opt","195","2026-04-03T03:09:48.9951431-03:00"
"PLANTA_LCPIC\Temp\Objects\Symbols.map","517906","2026-04-03T03:09:48.9951431-03:00"
"PLANTA_LCPIC\Temp\Objects\Config1\X20CP0483\TCData\TCData.imx","4660260","2026-04-03T03:09:54.1246262-03:00"
"PLANTA_LCPIC\Temp\Objects\Config1\X20CP0483\ashwac.br","212","2026-04-03T03:09:56.0744279-03:00"
"PLANTA_LCPIC\Temp\Objects\Config1\X20CP0483\Role.br","760","2026-04-03T03:09:56.2844204-03:00"
"PLANTA_LCPIC\Temp\Objects\Config1\X20CP0483\Role\Role.dep","0","2026-04-03T03:09:56.3044119-03:00"
"PLANTA_LCPIC\Temp\Objects\Config1\X20CP0483\User.br","648","2026-04-03T03:09:56.3843989-03:00"
"PLANTA_LCPIC\Temp\Objects\Config1\X20CP0483\User\User.dep","90","2026-04-03T03:09:56.3843989-03:00"
"PLANTA_LCPIC\Temp\Objects\Config1\X20CP0483\FWRules.br","456","2026-04-03T03:09:56.4443922-03:00"
"PLANTA_LCPIC\Temp\Objects\Config1\X20CP0483\FWRules\FWRules.dep","0","2026-04-03T03:09:56.4443922-03:00"
"PLANTA_LCPIC\Temp\Objects\Config1\X20CP0483\ChannelConfiguration.xml","29989","2026-04-03T03:09:56.4543910-03:00"
"PLANTA_LCPIC\Temp\Objects\Config1\X20CP0483\ReActionTechnologyConfiguration.xml","172","2026-04-03T03:09:56.4543910-03:00"
"PLANTA_LCPIC\Temp\Objects\Config1\X20CP0483\HardwareConfiguration.xml","53502","2026-04-03T03:09:56.5143838-03:00"
"PLANTA_LCPIC\Temp\Objects\Config1\X20CP0483\arconfig.br","6300","2026-04-03T03:09:56.8243520-03:00"
"PLANTA_LCPIC\Temp\Objects\Config1\X20CP0483\arconfig\arconfig.dep","49","2026-04-03T03:09:56.8243520-03:00"
"PLANTA_LCPIC\Temp\Objects\Config1\X20CP0483\arconfig.br.tmp.xml","6174","2026-04-03T03:09:56.8243520-03:00"
"PLANTA_LCPIC\Temp\Objects\Config1\X20CP0483\iomap.br","19320","2026-04-03T03:09:57.0143345-03:00"
"PLANTA_LCPIC\Temp\Objects\Config1\X20CP0483\iomap\iomap.dep","50","2026-04-03T03:09:57.0143345-03:00"
"PLANTA_LCPIC\Temp\Objects\Config1\X20CP0483\iomap.xml","19510","2026-04-03T03:09:57.0143345-03:00"
"PLANTA_LCPIC\Temp\Objects\Config1\X20CP0483\sysconf.br","70160","2026-04-03T03:09:57.3143036-03:00"
"PLANTA_LCPIC\Temp\Objects\Config1\X20CP0483\OpcUaMap\OpcUaMap.dep","104","2026-04-03T03:09:57.4942841-03:00"
"PLANTA_LCPIC\Temp\Objects\Config1\X20CP0483\OpcUaMap\OpcUaMap.uar","1237","2026-04-03T03:09:57.5442800-03:00"
"PLANTA_LCPIC\Temp\Transfer\Config1\X20CP0483\FilesToTransfer\AddonsData\OPCUA\NodeSet\Generated\OpcUaMap.uar.gz","497","2026-04-03T03:09:57.5842750-03:00"
"PLANTA_LCPIC\Temp\Objects\Config1\X20CP0483\asfw.br","895848","2026-04-03T03:09:57.7442579-03:00"
"PLANTA_LCPIC\Temp\Objects\Config1\X20CP0483\ashwd.br.tmp.xml","34048","2026-04-03T03:09:57.8042528-03:00"
"PLANTA_LCPIC\Temp\Objects\Config1\X20CP0483\ashwd.br.tmp.xml.gz","2973","2026-04-03T03:09:57.8142533-03:00"
"PLANTA_LCPIC\Temp\Objects\Config1\X20CP0483\ashwd.br.tmp.archive","3065","2026-04-03T03:09:57.8242515-03:00"
"PLANTA_LCPIC\Temp\Objects\Config1\X20CP0483\ashwd.br","3168","2026-04-03T03:09:57.8442494-03:00"
"PLANTA_LCPIC\Temp\Objects\Config1\X20CP0483\TCData\TCData.s18d","3742720","2026-04-03T03:09:58.1442186-03:00"
"PLANTA_LCPIC\Temp\Objects\Config1\X20CP0483\TCData.br","3772264","2026-04-03T03:09:58.3042104-03:00"
"PLANTA_LCPIC\Temp\Objects\Config1\X20CP0483\BuildReasons.xml","2363","2026-04-03T03:09:58.7041621-03:00"
"PLANTA_LCPIC\Temp\Objects\Config1\X20CP0483\LastBuildOptions.xml","26988","2026-04-03T03:09:58.7041621-03:00"
"PLANTA_LCPIC\Temp\Objects\Libraries.xml","605","2026-04-03T03:09:58.7141617-03:00"
"PLANTA_LCPIC\Temp\Objects\Declarations.lst","1522","2026-04-03T03:09:58.7141617-03:00"
"PLANTA_LCPIC\Temp\Objects\ProjectOptions.opt","582","2026-04-03T03:09:58.7141617-03:00"
"PLANTA_LCPIC\Temp\Objects\Config1\CompleteProjectObjectsList.lst","17724","2026-04-03T03:09:58.7141617-03:00"
"PLANTA_LCPIC\Temp\Objects\Config1\X20CP0483\Build.log","15123","2026-04-03T03:09:58.7241607-03:00"
"PLANTA_LCPIC\Temp\Objects\Config1\ConfigurationOptions.opt","507","2026-04-03T03:09:58.7241607-03:00"
"PLANTA_LCPIC\Temp\Settings\aluno\BR.AS.TransferList.state","506","2026-04-03T03:09:59.7140606-03:00"
"PLANTA_LCPIC\Diagnosis\Config1\X20CP0483\default.tr","58","2026-04-03T03:17:27.2194070-03:00"
"PLANTA_LCPIC\Diagnosis\Config1\X20CP0483\default.brk","58","2026-04-03T03:17:27.2394044-03:00"
"PLANTA_LCPIC\Diagnosis\Config1\X20CP0483\default.tch","52","2026-04-03T03:17:27.2394044-03:00"
"PLANTA_LCPIC\Temp\Settings\BR.AS.Configuration.Manager.state","716","2026-04-03T03:17:27.2394044-03:00"
"PLANTA_LCPIC\Temp\Settings\aluno\BR.AS.Logical.Manager.state","742","2026-04-03T03:17:27.2494029-03:00"
"PLANTA_LCPIC\Temp\Settings\aluno\BR.AS.Hardware.Presentation.ConfigurationPanel.state","299","2026-04-03T03:17:27.2893999-03:00"
"PLANTA_LCPIC\Temp\Settings\aluno\BR.AS.SystemConfiguration.Presentation.state","2254","2026-04-03T03:17:27.3194008-03:00"
"PLANTA_LCPIC\Temp\Settings\aluno\BR.AS.Hardware.Tree.Wrapper.HardwareTreeViewWrapper.state","1100","2026-04-03T03:17:27.3194008-03:00"
"PLANTA_LCPIC\Temp\Settings\aluno\ProjectDesktop.state","1471","2026-04-03T03:17:27.3393927-03:00"
"PLANTA_LCPIC\Temp\Settings\aluno\Workspace.state","5220","2026-04-03T03:17:31.1390078-03:00"
