timestamp;elapsed_s;label;level_raw;heartbeat;watchdog_healthy;watchdog_tripped;safety_reset;enable;dac;applied_enable;applied_dac
2026-08-25T19:03:52.732279;1.031;m3-calibration-0cm-20260825;267;9852;True;False;False;False;0;False;0
2026-08-25T19:03:52.860959;1.156;m3-calibration-0cm-20260825;257;9852;True;False;False;False;0;False;0
2026-08-25T19:03:53.004905;1.296;m3-calibration-0cm-20260825;267;9853;True;False;False;False;0;False;0
2026-08-25T19:03:53.132378;1.421;m3-calibration-0cm-20260825;257;9853;True;False;False;False;0;False;0
2026-08-25T19:03:53.276523;1.578;m3-calibration-0cm-20260825;267;9854;True;False;False;False;0;False;0
2026-08-25T19:03:53.404175;1.703;m3-calibration-0cm-20260825;267;9854;True;False;False;False;0;False;0
2026-08-25T19:03:53.530686;1.828;m3-calibration-0cm-20260825;257;9855;True;False;False;False;0;False;0
2026-08-25T19:03:53.658172;1.953;m3-calibration-0cm-20260825;257;9855;True;False;False;False;0;False;0
2026-08-25T19:03:53.786585;2.078;m3-calibration-0cm-20260825;267;9856;True;False;False;False;0;False;0
2026-08-25T19:03:53.914354;2.203;m3-calibration-0cm-20260825;267;9856;True;False;False;False;0;False;0
2026-08-25T19:03:54.042757;2.343;m3-calibration-0cm-20260825;267;9856;True;False;False;False;0;False;0
2026-08-25T19:03:54.175220;2.468;m3-calibration-0cm-20260825;267;9857;True;False;False;False;0;False;0
2026-08-25T19:03:54.298725;2.593;m3-calibration-0cm-20260825;267;9857;True;False;False;False;0;False;0
2026-08-25T19:03:54.442651;2.734;m3-calibration-0cm-20260825;257;9858;True;False;False;False;0;False;0
2026-08-25T19:03:54.586095;2.875;m3-calibration-0cm-20260825;267;9858;True;False;False;False;0;False;0
2026-08-25T19:03:54.731623;3.031;m3-calibration-0cm-20260825;257;9859;True;False;False;False;0;False;0
2026-08-25T19:03:54.858366;3.156;m3-calibration-0cm-20260825;257;9859;True;False;False;False;0;False;0
2026-08-25T19:03:55.002553;3.296;m3-calibration-0cm-20260825;257;9860;True;False;False;False;0;False;0
2026-08-25T19:03:55.146450;3.437;m3-calibration-0cm-20260825;267;9860;True;False;False;False;0;False;0
2026-08-25T19:03:55.273911;3.562;m3-calibration-0cm-20260825;257;9861;True;False;False;False;0;False;0
2026-08-25T19:03:55.418814;3.718;m3-calibration-0cm-20260825;267;9861;True;False;False;False;0;False;0
2026-08-25T19:03:55.551916;3.843;m3-calibration-0cm-20260825;257;9862;True;False;False;False;0;False;0
2026-08-25T19:03:55.671341;3.968;m3-calibration-0cm-20260825;267;9862;True;False;False;False;0;False;0
2026-08-25T19:03:55.814608;4.109;m3-calibration-0cm-20260825;267;9863;True;False;False;False;0;False;0
2026-08-25T19:03:55.957674;4.25;m3-calibration-0cm-20260825;257;9863;True;False;False;False;0;False;0
2026-08-25T19:03:56.103503;4.406;m3-calibration-0cm-20260825;247;9864;True;False;False;False;0;False;0
2026-08-25T19:03:56.245027;4.546;m3-calibration-0cm-20260825;257;9864;True;False;False;False;0;False;0
2026-08-25T19:03:56.388865;4.687;m3-calibration-0cm-20260825;257;9865;True;False;False;False;0;False;0
2026-08-25T19:03:56.529469;4.828;m3-calibration-0cm-20260825;257;9865;True;False;False;False;0;False;0
2026-08-25T19:03:56.662833;4.953;m3-calibration-0cm-20260825;247;9866;True;False;False;False;0;False;0
2026-08-25T19:03:56.806674;5.109;m3-calibration-0cm-20260825;237;9866;True;False;False;False;0;False;0
2026-08-25T19:03:56.937103;5.234;m3-calibration-0cm-20260825;247;9867;True;False;False;False;0;False;0
2026-08-25T19:03:57.061895;5.359;m3-calibration-0cm-20260825;257;9867;True;False;False;False;0;False;0
2026-08-25T19:03:57.207860;5.5;m3-calibration-0cm-20260825;257;9868;True;False;False;False;0;False;0
2026-08-25T19:03:57.337994;5.64;m3-calibration-0cm-20260825;247;9868;True;False;False;False;0;False;0
2026-08-25T19:03:57.477907;5.781;m3-calibration-0cm-20260825;257;9869;True;False;False;False;0;False;0
2026-08-25T19:03:57.606040;5.906;m3-calibration-0cm-20260825;247;9869;True;False;False;False;0;False;0
2026-08-25T19:03:57.742055;6.031;m3-calibration-0cm-20260825;257;9870;True;False;False;False;0;False;0
2026-08-25T19:03:57.877470;6.171;m3-calibration-0cm-20260825;247;9870;True;False;False;False;0;False;0
2026-08-25T19:03:58.021016;6.312;m3-calibration-0cm-20260825;278;9871;True;False;False;False;0;False;0
2026-08-25T19:03:58.148840;6.437;m3-calibration-0cm-20260825;267;9871;True;False;False;False;0;False;0
2026-08-25T19:03:58.292230;6.593;m3-calibration-0cm-20260825;257;9872;True;False;False;False;0;False;0
2026-08-25T19:03:58.419538;6.718;m3-calibration-0cm-20260825;257;9872;True;False;False;False;0;False;0
2026-08-25T19:03:58.543630;6.843;m3-calibration-0cm-20260825;257;9873;True;False;False;False;0;False;0
2026-08-25T19:03:58.668874;6.968;m3-calibration-0cm-20260825;257;9873;True;False;False;False;0;False;0
2026-08-25T19:03:58.796810;7.093;m3-calibration-0cm-20260825;257;9874;True;False;False;False;0;False;0
2026-08-25T19:03:58.940292;7.234;m3-calibration-0cm-20260825;257;9874;True;False;False;False;0;False;0
2026-08-25T19:03:59.068081;7.359;m3-calibration-0cm-20260825;257;9875;True;False;False;False;0;False;0
2026-08-25T19:03:59.214148;7.515;m3-calibration-0cm-20260825;247;9875;True;False;False;False;0;False;0
2026-08-25T19:03:59.356913;7.656;m3-calibration-0cm-20260825;247;9876;True;False;False;False;0;False;0
2026-08-25T19:03:59.500743;7.796;m3-calibration-0cm-20260825;257;9876;True;False;False;False;0;False;0
2026-08-25T19:03:59.644117;7.937;m3-calibration-0cm-20260825;257;9877;True;False;False;False;0;False;0
2026-08-25T19:03:59.772350;8.062;m3-calibration-0cm-20260825;257;9877;True;False;False;False;0;False;0
2026-08-25T19:03:59.908365;8.203;m3-calibration-0cm-20260825;267;9878;True;False;False;False;0;False;0
2026-08-25T19:04:00.028718;8.328;m3-calibration-0cm-20260825;247;9878;True;False;False;False;0;False;0
2026-08-25T19:04:00.173412;8.468;m3-calibration-0cm-20260825;257;9879;True;False;False;False;0;False;0
2026-08-25T19:04:00.319423;8.609;m3-calibration-0cm-20260825;247;9879;True;False;False;False;0;False;0
2026-08-25T19:04:00.449426;8.75;m3-calibration-0cm-20260825;247;9880;True;False;False;False;0;False;0
2026-08-25T19:04:00.570709;8.859;m3-calibration-0cm-20260825;257;9880;True;False;False;False;0;False;0
2026-08-25T19:04:00.714981;9.015;m3-calibration-0cm-20260825;257;9881;True;False;False;False;0;False;0
2026-08-25T19:04:00.849908;9.14;m3-calibration-0cm-20260825;257;9881;True;False;False;False;0;False;0
2026-08-25T19:04:00.969929;9.265;m3-calibration-0cm-20260825;257;9882;True;False;False;False;0;False;0
2026-08-25T19:04:01.112591;9.406;m3-calibration-0cm-20260825;257;9882;True;False;False;False;0;False;0
2026-08-25T19:04:01.257172;9.546;m3-calibration-0cm-20260825;257;9883;True;False;False;False;0;False;0
2026-08-25T19:04:01.403914;9.703;m3-calibration-0cm-20260825;247;9883;True;False;False;False;0;False;0
2026-08-25T19:04:01.541772;9.843;m3-calibration-0cm-20260825;257;9884;True;False;False;False;0;False;0
2026-08-25T19:04:01.688282;9.984;m3-calibration-0cm-20260825;257;9884;True;False;False;False;0;False;0
2026-08-25T19:04:01.817480;10.109;m3-calibration-0cm-20260825;257;9885;True;False;False;False;0;False;0
2026-08-25T19:04:01.954616;10.25;m3-calibration-0cm-20260825;257;9885;True;False;False;False;0;False;0
2026-08-25T19:04:02.089897;10.39;m3-calibration-0cm-20260825;247;9886;True;False;False;False;0;False;0
2026-08-25T19:04:02.233465;10.531;m3-calibration-0cm-20260825;257;9886;True;False;False;False;0;False;0
2026-08-25T19:04:02.368078;10.671;m3-calibration-0cm-20260825;267;9887;True;False;False;False;0;False;0
2026-08-25T19:04:02.506852;10.796;m3-calibration-0cm-20260825;257;9887;True;False;False;False;0;False;0
2026-08-25T19:04:02.631295;10.921;m3-calibration-0cm-20260825;257;9888;True;False;False;False;0;False;0
2026-08-25T19:04:02.763407;11.062;m3-calibration-0cm-20260825;257;9888;True;False;False;False;0;False;0
2026-08-25T19:04:02.895997;11.187;m3-calibration-0cm-20260825;267;9889;True;False;False;False;0;False;0
2026-08-25T19:04:03.022063;11.312;m3-calibration-0cm-20260825;267;9889;True;False;False;False;0;False;0
2026-08-25T19:04:03.151897;11.453;m3-calibration-0cm-20260825;257;9890;True;False;False;False;0;False;0
2026-08-25T19:04:03.277102;11.578;m3-calibration-0cm-20260825;257;9890;True;False;False;False;0;False;0
2026-08-25T19:04:03.416003;11.718;m3-calibration-0cm-20260825;267;9891;True;False;False;False;0;False;0
2026-08-25T19:04:03.564126;11.859;m3-calibration-0cm-20260825;257;9891;True;False;False;False;0;False;0
2026-08-25T19:04:03.687951;11.984;m3-calibration-0cm-20260825;267;9892;True;False;False;False;0;False;0
2026-08-25T19:04:03.826899;12.125;m3-calibration-0cm-20260825;257;9892;True;False;False;False;0;False;0
2026-08-25T19:04:03.956871;12.25;m3-calibration-0cm-20260825;257;9893;True;False;False;False;0;False;0
2026-08-25T19:04:04.077471;12.375;m3-calibration-0cm-20260825;257;9893;True;False;False;False;0;False;0
2026-08-25T19:04:04.222891;12.515;m3-calibration-0cm-20260825;257;9894;True;False;False;False;0;False;0
2026-08-25T19:04:04.366601;12.656;m3-calibration-0cm-20260825;267;9894;True;False;False;False;0;False;0
2026-08-25T19:04:04.510813;12.812;m3-calibration-0cm-20260825;267;9895;True;False;False;False;0;False;0
2026-08-25T19:04:04.653899;12.953;m3-calibration-0cm-20260825;267;9895;True;False;False;False;0;False;0
2026-08-25T19:04:04.797842;13.093;m3-calibration-0cm-20260825;257;9896;True;False;False;False;0;False;0
2026-08-25T19:04:04.942913;13.234;m3-calibration-0cm-20260825;257;9896;True;False;False;False;0;False;0
2026-08-25T19:04:05.075991;13.375;m3-calibration-0cm-20260825;247;9897;True;False;False;False;0;False;0
2026-08-25T19:04:05.223058;13.515;m3-calibration-0cm-20260825;257;9897;True;False;False;False;0;False;0
2026-08-25T19:04:05.370630;13.671;m3-calibration-0cm-20260825;257;9898;True;False;False;False;0;False;0
2026-08-25T19:04:05.510348;13.812;m3-calibration-0cm-20260825;257;9898;True;False;False;False;0;False;0
2026-08-25T19:04:05.644512;13.937;m3-calibration-0cm-20260825;267;9899;True;False;False;False;0;False;0
2026-08-25T19:04:05.771818;14.062;m3-calibration-0cm-20260825;267;9899;True;False;False;False;0;False;0
2026-08-25T19:04:05.915528;14.218;m3-calibration-0cm-20260825;257;9900;True;False;False;False;0;False;0
2026-08-25T19:04:06.049027;14.343;m3-calibration-0cm-20260825;257;9900;True;False;False;False;0;False;0
2026-08-25T19:04:06.177424;14.468;m3-calibration-0cm-20260825;267;9901;True;False;False;False;0;False;0
2026-08-25T19:04:06.318009;14.609;m3-calibration-0cm-20260825;257;9901;True;False;False;False;0;False;0
2026-08-25T19:04:06.462299;14.765;m3-calibration-0cm-20260825;257;9901;True;False;False;False;0;False;0
2026-08-25T19:04:06.602938;14.906;m3-calibration-0cm-20260825;267;9902;True;False;False;False;0;False;0
2026-08-25T19:04:06.747958;15.046;m3-calibration-0cm-20260825;257;9903;True;False;False;False;0;False;0
2026-08-25T19:04:06.883848;15.187;m3-calibration-0cm-20260825;267;9903;True;False;False;False;0;False;0
2026-08-25T19:04:07.025562;15.328;m3-calibration-0cm-20260825;267;9904;True;False;False;False;0;False;0
2026-08-25T19:04:07.158116;15.453;m3-calibration-0cm-20260825;257;9904;True;False;False;False;0;False;0
2026-08-25T19:04:07.302408;15.593;m3-calibration-0cm-20260825;257;9905;True;False;False;False;0;False;0
2026-08-25T19:04:07.430835;15.734;m3-calibration-0cm-20260825;257;9905;True;False;False;False;0;False;0
2026-08-25T19:04:07.575126;15.875;m3-calibration-0cm-20260825;267;9906;True;False;False;False;0;False;0
2026-08-25T19:04:07.722460;16.015;m3-calibration-0cm-20260825;257;9906;True;False;False;False;0;False;0
2026-08-25T19:04:07.867986;16.171;m3-calibration-0cm-20260825;267;9907;True;False;False;False;0;False;0
2026-08-25T19:04:07.998986;16.296;m3-calibration-0cm-20260825;267;9907;True;False;False;False;0;False;0
2026-08-25T19:04:08.144680;16.437;m3-calibration-0cm-20260825;247;9908;True;False;False;False;0;False;0
2026-08-25T19:04:08.289732;16.593;m3-calibration-0cm-20260825;257;9908;True;False;False;False;0;False;0
2026-08-25T19:04:08.434415;16.734;m3-calibration-0cm-20260825;247;9908;True;False;False;False;0;False;0
2026-08-25T19:04:08.569294;16.859;m3-calibration-0cm-20260825;257;9909;True;False;False;False;0;False;0
2026-08-25T19:04:08.712322;17.015;m3-calibration-0cm-20260825;267;9909;True;False;False;False;0;False;0
2026-08-25T19:04:08.839242;17.14;m3-calibration-0cm-20260825;257;9910;True;False;False;False;0;False;0
2026-08-25T19:04:08.962167;17.265;m3-calibration-0cm-20260825;257;9910;True;False;False;False;0;False;0
2026-08-25T19:04:09.091245;17.39;m3-calibration-0cm-20260825;257;9911;True;False;False;False;0;False;0
2026-08-25T19:04:09.237529;17.531;m3-calibration-0cm-20260825;257;9911;True;False;False;False;0;False;0
2026-08-25T19:04:09.370894;17.671;m3-calibration-0cm-20260825;257;9912;True;False;False;False;0;False;0
2026-08-25T19:04:09.504553;17.796;m3-calibration-0cm-20260825;247;9912;True;False;False;False;0;False;0
2026-08-25T19:04:09.623047;17.921;m3-calibration-0cm-20260825;247;9913;True;False;False;False;0;False;0
2026-08-25T19:04:09.771399;18.062;m3-calibration-0cm-20260825;257;9913;True;False;False;False;0;False;0
2026-08-25T19:04:09.895011;18.187;m3-calibration-0cm-20260825;257;9914;True;False;False;False;0;False;0
2026-08-25T19:04:10.038805;18.343;m3-calibration-0cm-20260825;267;9914;True;False;False;False;0;False;0
2026-08-25T19:04:10.172384;18.468;m3-calibration-0cm-20260825;257;9915;True;False;False;False;0;False;0
2026-08-25T19:04:10.316244;18.609;m3-calibration-0cm-20260825;257;9915;True;False;False;False;0;False;0
2026-08-25T19:04:10.448080;18.75;m3-calibration-0cm-20260825;267;9916;True;False;False;False;0;False;0
2026-08-25T19:04:10.586467;18.89;m3-calibration-0cm-20260825;257;9916;True;False;False;False;0;False;0
2026-08-25T19:04:10.710022;19.0;m3-calibration-0cm-20260825;257;9917;True;False;False;False;0;False;0
2026-08-25T19:04:10.837929;19.14;m3-calibration-0cm-20260825;257;9917;True;False;False;False;0;False;0
2026-08-25T19:04:10.961690;19.265;m3-calibration-0cm-20260825;267;9917;True;False;False;False;0;False;0
2026-08-25T19:04:11.090336;19.39;m3-calibration-0cm-20260825;267;9918;True;False;False;False;0;False;0
2026-08-25T19:04:11.220314;19.515;m3-calibration-0cm-20260825;257;9918;True;False;False;False;0;False;0
2026-08-25T19:04:11.349130;19.64;m3-calibration-0cm-20260825;257;9919;True;False;False;False;0;False;0
2026-08-25T19:04:11.476799;19.781;m3-calibration-0cm-20260825;257;9919;True;False;False;False;0;False;0
2026-08-25T19:04:11.618865;19.921;m3-calibration-0cm-20260825;257;9920;True;False;False;False;0;False;0
2026-08-25T19:04:11.763445;20.062;m3-calibration-0cm-20260825;257;9920;True;False;False;False;0;False;0
2026-08-25T19:04:11.903344;20.203;m3-calibration-0cm-20260825;267;9921;True;False;False;False;0;False;0
2026-08-25T19:04:12.031488;20.328;m3-calibration-0cm-20260825;267;9921;True;False;False;False;0;False;0
2026-08-25T19:04:12.164424;20.468;m3-calibration-0cm-20260825;257;9922;True;False;False;False;0;False;0
2026-08-25T19:04:12.281411;20.578;m3-calibration-0cm-20260825;257;9922;True;False;False;False;0;False;0
2026-08-25T19:04:12.406270;20.703;m3-calibration-0cm-20260825;267;9923;True;False;False;False;0;False;0
2026-08-25T19:04:12.529207;20.828;m3-calibration-0cm-20260825;267;9923;True;False;False;False;0;False;0
2026-08-25T19:04:12.656715;20.953;m3-calibration-0cm-20260825;257;9924;True;False;False;False;0;False;0
2026-08-25T19:04:12.804099;21.109;m3-calibration-0cm-20260825;257;9924;True;False;False;False;0;False;0
2026-08-25T19:04:12.926506;21.218;m3-calibration-0cm-20260825;267;9925;True;False;False;False;0;False;0
2026-08-25T19:04:13.058527;21.359;m3-calibration-0cm-20260825;257;9925;True;False;False;False;0;False;0
2026-08-25T19:04:13.191926;21.484;m3-calibration-0cm-20260825;267;9926;True;False;False;False;0;False;0
2026-08-25T19:04:13.317274;21.609;m3-calibration-0cm-20260825;257;9926;True;False;False;False;0;False;0
2026-08-25T19:04:13.445043;21.75;m3-calibration-0cm-20260825;267;9927;True;False;False;False;0;False;0
2026-08-25T19:04:13.580775;21.875;m3-calibration-0cm-20260825;257;9927;True;False;False;False;0;False;0
2026-08-25T19:04:13.704521;22.0;m3-calibration-0cm-20260825;267;9927;True;False;False;False;0;False;0
2026-08-25T19:04:13.815654;22.109;m3-calibration-0cm-20260825;257;9928;True;False;False;False;0;False;0
2026-08-25T19:04:13.940608;22.234;m3-calibration-0cm-20260825;267;9928;True;False;False;False;0;False;0
2026-08-25T19:04:14.074556;22.375;m3-calibration-0cm-20260825;257;9929;True;False;False;False;0;False;0
2026-08-25T19:04:14.192811;22.484;m3-calibration-0cm-20260825;267;9929;True;False;False;False;0;False;0
2026-08-25T19:04:14.319891;22.625;m3-calibration-0cm-20260825;278;9930;True;False;False;False;0;False;0
2026-08-25T19:04:14.444708;22.75;m3-calibration-0cm-20260825;267;9930;True;False;False;False;0;False;0
2026-08-25T19:04:14.567719;22.859;m3-calibration-0cm-20260825;267;9931;True;False;False;False;0;False;0
2026-08-25T19:04:14.703716;23.0;m3-calibration-0cm-20260825;267;9931;True;False;False;False;0;False;0
2026-08-25T19:04:14.814497;23.109;m3-calibration-0cm-20260825;257;9932;True;False;False;False;0;False;0
2026-08-25T19:04:14.942737;23.234;m3-calibration-0cm-20260825;267;9932;True;False;False;False;0;False;0
2026-08-25T19:04:15.070284;23.375;m3-calibration-0cm-20260825;267;9933;True;False;False;False;0;False;0
2026-08-25T19:04:15.214400;23.515;m3-calibration-0cm-20260825;257;9933;True;False;False;False;0;False;0
2026-08-25T19:04:15.342445;23.64;m3-calibration-0cm-20260825;267;9934;True;False;False;False;0;False;0
2026-08-25T19:04:15.469710;23.765;m3-calibration-0cm-20260825;257;9934;True;False;False;False;0;False;0
2026-08-25T19:04:15.598357;23.89;m3-calibration-0cm-20260825;267;9935;True;False;False;False;0;False;0
2026-08-25T19:04:15.742962;24.046;m3-calibration-0cm-20260825;257;9935;True;False;False;False;0;False;0
2026-08-25T19:04:15.870549;24.171;m3-calibration-0cm-20260825;257;9936;True;False;False;False;0;False;0
2026-08-25T19:04:15.997887;24.296;m3-calibration-0cm-20260825;257;9936;True;False;False;False;0;False;0
2026-08-25T19:04:16.143247;24.437;m3-calibration-0cm-20260825;257;9936;True;False;False;False;0;False;0
2026-08-25T19:04:16.286669;24.578;m3-calibration-0cm-20260825;257;9937;True;False;False;False;0;False;0
2026-08-25T19:04:16.414772;24.718;m3-calibration-0cm-20260825;278;9937;True;False;False;False;0;False;0
2026-08-25T19:04:16.558941;24.859;m3-calibration-0cm-20260825;257;9938;True;False;False;False;0;False;0
2026-08-25T19:04:16.694628;25.0;m3-calibration-0cm-20260825;257;9938;True;False;False;False;0;False;0
2026-08-25T19:04:16.806771;25.109;m3-calibration-0cm-20260825;267;9939;True;False;False;False;0;False;0
2026-08-25T19:04:16.934177;25.234;m3-calibration-0cm-20260825;257;9939;True;False;False;False;0;False;0
2026-08-25T19:04:17.061171;25.359;m3-calibration-0cm-20260825;257;9940;True;False;False;False;0;False;0
2026-08-25T19:04:17.189578;25.484;m3-calibration-0cm-20260825;267;9940;True;False;False;False;0;False;0
2026-08-25T19:04:17.320175;25.625;m3-calibration-0cm-20260825;267;9941;True;False;False;False;0;False;0
2026-08-25T19:04:17.446105;25.75;m3-calibration-0cm-20260825;267;9941;True;False;False;False;0;False;0
2026-08-25T19:04:17.573539;25.875;m3-calibration-0cm-20260825;257;9942;True;False;False;False;0;False;0
2026-08-25T19:04:17.699891;26.0;m3-calibration-0cm-20260825;278;9942;True;False;False;False;0;False;0
2026-08-25T19:04:17.812709;26.109;m3-calibration-0cm-20260825;267;9943;True;False;False;False;0;False;0
2026-08-25T19:04:17.939746;26.234;m3-calibration-0cm-20260825;257;9943;True;False;False;False;0;False;0
2026-08-25T19:04:18.067418;26.359;m3-calibration-0cm-20260825;257;9944;True;False;False;False;0;False;0
2026-08-25T19:04:18.195627;26.5;m3-calibration-0cm-20260825;247;9944;True;False;False;False;0;False;0
2026-08-25T19:04:18.322770;26.625;m3-calibration-0cm-20260825;247;9945;True;False;False;False;0;False;0
2026-08-25T19:04:18.466370;26.765;m3-calibration-0cm-20260825;257;9945;True;False;False;False;0;False;0
2026-08-25T19:04:18.593917;26.89;m3-calibration-0cm-20260825;257;9946;True;False;False;False;0;False;0
2026-08-25T19:04:18.739147;27.031;m3-calibration-0cm-20260825;247;9946;True;False;False;False;0;False;0
2026-08-25T19:04:18.867071;27.171;m3-calibration-0cm-20260825;257;9946;True;False;False;False;0;False;0
2026-08-25T19:04:19.010799;27.312;m3-calibration-0cm-20260825;257;9947;True;False;False;False;0;False;0
2026-08-25T19:04:19.139950;27.437;m3-calibration-0cm-20260825;267;9948;True;False;False;False;0;False;0
2026-08-25T19:04:19.283486;27.578;m3-calibration-0cm-20260825;257;9948;True;False;False;False;0;False;0
2026-08-25T19:04:19.412932;27.718;m3-calibration-0cm-20260825;257;9948;True;False;False;False;0;False;0
2026-08-25T19:04:19.557915;27.859;m3-calibration-0cm-20260825;257;9949;True;False;False;False;0;False;0
2026-08-25T19:04:19.693733;28.0;m3-calibration-0cm-20260825;257;9949;True;False;False;False;0;False;0
2026-08-25T19:04:19.842586;28.14;m3-calibration-0cm-20260825;247;9950;True;False;False;False;0;False;0
2026-08-25T19:04:19.986903;28.281;m3-calibration-0cm-20260825;257;9950;True;False;False;False;0;False;0
2026-08-25T19:04:20.115164;28.421;m3-calibration-0cm-20260825;257;9951;True;False;False;False;0;False;0
2026-08-25T19:04:20.259403;28.562;m3-calibration-0cm-20260825;247;9952;True;False;False;False;0;False;0
2026-08-25T19:04:20.395934;28.687;m3-calibration-0cm-20260825;257;9952;True;False;False;False;0;False;0
2026-08-25T19:04:20.538405;28.843;m3-calibration-0cm-20260825;267;9953;True;False;False;False;0;False;0
2026-08-25T19:04:20.678354;28.984;m3-calibration-0cm-20260825;257;9953;True;False;False;False;0;False;0
2026-08-25T19:04:20.807136;29.109;m3-calibration-0cm-20260825;257;9953;True;False;False;False;0;False;0
2026-08-25T19:04:20.938417;29.234;m3-calibration-0cm-20260825;267;9954;True;False;False;False;0;False;0
2026-08-25T19:04:21.078832;29.375;m3-calibration-0cm-20260825;257;9954;True;False;False;False;0;False;0
2026-08-25T19:04:21.203104;29.5;m3-calibration-0cm-20260825;257;9955;True;False;False;False;0;False;0
2026-08-25T19:04:21.354163;29.656;m3-calibration-0cm-20260825;267;9955;True;False;False;False;0;False;0
2026-08-25T19:04:21.495657;29.796;m3-calibration-0cm-20260825;267;9956;True;False;False;False;0;False;0
2026-08-25T19:04:21.637313;29.937;m3-calibration-0cm-20260825;267;9956;True;False;False;False;0;False;0
2026-08-25T19:04:21.760764;30.062;m3-calibration-0cm-20260825;257;9957;True;False;False;False;0;False;0
2026-08-25T19:04:21.900474;30.203;m3-calibration-0cm-20260825;247;9957;True;False;False;False;0;False;0
2026-08-25T19:04:22.028515;30.328;m3-calibration-0cm-20260825;267;9958;True;False;False;False;0;False;0
2026-08-25T19:04:22.159606;30.453;m3-calibration-0cm-20260825;267;9958;True;False;False;False;0;False;0
2026-08-25T19:04:22.302642;30.609;m3-calibration-0cm-20260825;267;9959;True;False;False;False;0;False;0
2026-08-25T19:04:22.431039;30.734;m3-calibration-0cm-20260825;267;9959;True;False;False;False;0;False;0
2026-08-25T19:04:22.574715;30.875;m3-calibration-0cm-20260825;267;9960;True;False;False;False;0;False;0
2026-08-25T19:04:22.701487;31.0;m3-calibration-0cm-20260825;267;9960;True;False;False;False;0;False;0
