timestamp;phase;elapsed_s;hold_elapsed_s;level_raw;median9;enable;dac;applied_enable;applied_dac;watchdog_healthy;watchdog_tripped
2026-08-25T19:32:25.034960;RAMP;0.032;;380;;False;0;False;0;True;False
2026-08-25T19:32:25.162667;RAMP;0.157;;370;;True;150;True;150;True;False
2026-08-25T19:32:25.307275;RAMP;0.313;;390;;True;300;True;300;True;False
2026-08-25T19:32:25.435016;RAMP;0.438;;512;;True;450;True;450;True;False
2026-08-25T19:32:25.578576;RAMP;0.578;;411;;True;600;True;600;True;False
2026-08-25T19:32:25.714970;RAMP;0.719;;421;;True;750;True;750;True;False
2026-08-25T19:32:25.851473;RAMP;0.86;;380;;True;900;True;900;True;False
2026-08-25T19:32:25.963422;RAMP;0.969;;360;;True;1050;True;1050;True;False
2026-08-25T19:32:26.092532;RAMP;1.094;;390;390;True;1200;True;1200;True;False
2026-08-25T19:32:26.236459;RAMP;1.235;;522;390;True;1350;True;1350;True;False
2026-08-25T19:32:26.364952;RAMP;1.36;;451;411;True;1500;True;1350;True;False
2026-08-25T19:32:26.492324;RAMP;1.5;;461;421;True;1650;True;1500;True;False
2026-08-25T19:32:26.619405;RAMP;1.625;;350;411;True;1800;True;1800;True;False
2026-08-25T19:32:26.744960;RAMP;1.75;;350;390;True;1950;True;1800;True;False
2026-08-25T19:32:26.872832;RAMP;1.875;;400;390;True;1950;True;1950;True;False
2026-08-25T19:32:26.985922;RAMP;1.985;;431;400;True;2100;True;2100;True;False
2026-08-25T19:32:27.120606;RAMP;2.125;;461;431;True;2250;True;2250;True;False
2026-08-25T19:32:27.258520;RAMP;2.266;;482;451;True;2400;True;2400;True;False
2026-08-25T19:32:27.388606;RAMP;2.391;;492;451;True;2550;True;2550;True;False
2026-08-25T19:32:27.522517;RAMP;2.516;;350;431;True;2700;True;2700;True;False
2026-08-25T19:32:27.652592;RAMP;2.657;;360;400;True;2850;True;2850;True;False
2026-08-25T19:32:27.782098;RAMP;2.782;;360;400;True;3000;True;2850;True;False
2026-08-25T19:32:27.910090;RAMP;2.907;;360;400;True;3150;True;3150;True;False
2026-08-25T19:32:28.021896;RAMP;3.016;;482;431;True;3300;True;3150;True;False
2026-08-25T19:32:28.149815;RAMP;3.157;;451;451;True;3450;True;3300;True;False
2026-08-25T19:32:28.278327;RAMP;3.282;;350;360;True;3450;True;3450;True;False
2026-08-25T19:32:28.405833;RAMP;3.407;;350;360;True;3600;True;3600;True;False
2026-08-25T19:32:28.537031;RAMP;3.532;;380;360;True;3750;True;3750;True;False
2026-08-25T19:32:28.671512;RAMP;3.672;;380;360;True;3900;True;3900;True;False
2026-08-25T19:32:28.808598;RAMP;3.813;;471;380;True;4050;True;4050;True;False
2026-08-25T19:32:28.951279;RAMP;3.953;;340;380;True;4200;True;4200;True;False
2026-08-25T19:32:29.084805;RAMP;4.078;;350;380;True;4350;True;4350;True;False
2026-08-25T19:32:29.213803;RAMP;4.219;;380;380;True;4500;True;4500;True;False
2026-08-25T19:32:29.342004;RAMP;4.344;;350;350;True;4650;True;4650;True;False
2026-08-25T19:32:29.469864;RAMP;4.469;;340;350;True;4800;True;4800;True;False
2026-08-25T19:32:29.598120;RAMP;4.594;;350;350;True;4950;True;4950;True;False
2026-08-25T19:32:29.725778;RAMP;4.719;;370;350;True;5100;True;5100;True;False
2026-08-25T19:32:29.853502;RAMP;4.86;;360;350;True;5250;True;5100;True;False
2026-08-25T19:32:29.981072;RAMP;4.985;;380;350;True;5250;True;5250;True;False
2026-08-25T19:32:30.110494;RAMP;5.11;;340;350;True;5400;True;5400;True;False
2026-08-25T19:32:30.238959;RAMP;5.235;;350;350;True;5550;True;5550;True;False
2026-08-25T19:32:30.367160;RAMP;5.375;;350;350;True;5700;True;5700;True;False
2026-08-25T19:32:30.494704;RAMP;5.5;;350;350;True;5850;True;5850;True;False
2026-08-25T19:32:30.622431;RAMP;5.625;;400;350;True;6000;True;6000;True;False
2026-08-25T19:32:30.754078;RAMP;5.75;;380;360;True;6150;True;6150;True;False
2026-08-25T19:32:30.876314;RAMP;5.875;;360;360;True;6300;True;6150;True;False
2026-08-25T19:32:31.005509;RAMP;6.0;;360;360;True;6450;True;6450;True;False
2026-08-25T19:32:31.133926;RAMP;6.141;;350;350;True;6450;True;6450;True;False
2026-08-25T19:32:31.274608;RAMP;6.282;;350;350;True;6600;True;6600;True;False
2026-08-25T19:32:31.406929;RAMP;6.407;;400;360;True;6750;True;6750;True;False
2026-08-25T19:32:31.535098;RAMP;6.532;;360;360;True;6900;True;6900;True;False
2026-08-25T19:32:31.677663;RAMP;6.672;;370;360;True;7050;True;7050;True;False
2026-08-25T19:32:31.804128;RAMP;6.813;;350;360;True;7200;True;7200;True;False
2026-08-25T19:32:31.948036;RAMP;6.953;;350;360;True;7350;True;7350;True;False
2026-08-25T19:32:32.076923;RAMP;7.078;;360;360;True;7500;True;7350;True;False
2026-08-25T19:32:32.203434;RAMP;7.203;;421;360;True;7650;True;7650;True;False
2026-08-25T19:32:32.331570;RAMP;7.328;;350;360;True;7800;True;7800;True;False
2026-08-25T19:32:32.461393;RAMP;7.469;;318;360;True;7950;True;7800;True;False
2026-08-25T19:32:32.587502;RAMP;7.594;;328;350;True;8100;True;7950;True;False
2026-08-25T19:32:32.713438;RAMP;7.719;;350;350;True;8100;True;8100;True;False
2026-08-25T19:32:32.848851;RAMP;7.844;;370;350;True;8250;True;8250;True;False
2026-08-25T19:32:32.985747;RAMP;7.985;;370;350;True;8400;True;8400;True;False
2026-08-25T19:32:33.113941;RAMP;8.11;;360;360;True;8550;True;8550;True;False
2026-08-25T19:32:33.241620;RAMP;8.25;;318;350;True;8700;True;8700;True;False
2026-08-25T19:32:33.380067;RAMP;8.375;;308;350;True;8850;True;8850;True;False
2026-08-25T19:32:33.498035;RAMP;8.5;;360;350;True;9000;True;9000;True;False
2026-08-25T19:32:33.625524;RAMP;8.625;;380;360;True;9150;True;9150;True;False
2026-08-25T19:32:33.767170;RAMP;8.766;;340;360;True;9300;True;9300;True;False
2026-08-25T19:32:33.895240;RAMP;8.891;;350;360;True;9450;True;9450;True;False
2026-08-25T19:32:33.994455;RAMP;9.0;;360;360;True;9600;True;9600;True;False
2026-08-25T19:32:34.118687;RAMP;9.125;;278;350;True;9750;True;9600;True;False
2026-08-25T19:32:34.247418;RAMP;9.25;;370;350;True;9750;True;9750;True;False
2026-08-25T19:32:34.384492;RAMP;9.391;;328;350;True;9900;True;9900;True;False
2026-08-25T19:32:34.504898;RAMP;9.5;;308;350;True;10050;True;10050;True;False
2026-08-25T19:32:34.649060;RAMP;9.657;;370;350;True;10200;True;10200;True;False
2026-08-25T19:32:34.773914;RAMP;9.782;;380;350;True;10350;True;10350;True;False
2026-08-25T19:32:34.905702;RAMP;9.907;;298;350;True;10500;True;10500;True;False
2026-08-25T19:32:35.008390;RAMP;10.016;;318;328;True;10650;True;10650;True;False
2026-08-25T19:32:35.136014;RAMP;10.141;;318;318;True;10800;True;10650;True;False
2026-08-25T19:32:35.264086;RAMP;10.266;;318;318;True;10950;True;10800;True;False
2026-08-25T19:32:35.392221;RAMP;10.391;;267;318;True;11100;True;11100;True;False
2026-08-25T19:32:35.520450;RAMP;10.516;;298;318;True;11100;True;11100;True;False
2026-08-25T19:32:35.650587;RAMP;10.657;;350;318;True;11250;True;11250;True;False
2026-08-25T19:32:35.788236;RAMP;10.797;;298;318;True;11400;True;11400;True;False
2026-08-25T19:32:35.919810;RAMP;10.922;;308;308;True;11550;True;11550;True;False
2026-08-25T19:32:36.048201;RAMP;11.047;;298;308;True;11700;True;11700;True;False
2026-08-25T19:32:36.189105;RAMP;11.188;;328;308;True;11850;True;11850;True;False
2026-08-25T19:32:36.335555;RAMP;11.344;;278;298;True;12000;True;12000;True;False
2026-08-25T19:32:36.464272;RAMP;11.469;;237;298;True;12150;True;12150;True;False
2026-08-25T19:32:36.594247;RAMP;11.594;;237;298;True;12300;True;12300;True;False
2026-08-25T19:32:36.717938;RAMP;11.719;;298;298;True;12450;True;12450;True;False
2026-08-25T19:32:36.848428;RAMP;11.844;;318;298;True;12600;True;12600;True;False
2026-08-25T19:32:36.973734;RAMP;11.969;;400;298;True;12750;True;12600;True;False
2026-08-25T19:32:37.101514;RAMP;12.11;;370;298;True;12900;True;12900;True;False
2026-08-25T19:32:37.229465;RAMP;12.235;;288;298;True;13050;True;13050;True;False
2026-08-25T19:32:37.358888;RAMP;12.36;;340;298;True;13200;True;13050;True;False
2026-08-25T19:32:37.493105;RAMP;12.5;;328;318;True;13350;True;13200;True;False
2026-08-25T19:32:37.614428;RAMP;12.61;;227;318;True;13350;True;13350;True;False
2026-08-25T19:32:37.748815;RAMP;12.75;;360;328;True;13500;True;13500;True;False
2026-08-25T19:32:37.877027;RAMP;12.875;;318;328;True;13650;True;13650;True;False
2026-08-25T19:32:38.005431;RAMP;13.0;;370;340;True;13800;True;13800;True;False
2026-08-25T19:32:38.133152;RAMP;13.141;;390;340;True;13950;True;13950;True;False
2026-08-25T19:32:38.277737;RAMP;13.282;;257;328;True;14100;True;14100;True;False
2026-08-25T19:32:38.406332;RAMP;13.407;;298;328;True;14250;True;14250;True;False
2026-08-25T19:32:38.533752;RAMP;13.532;;350;328;True;14400;True;14400;True;False
2026-08-25T19:32:38.661825;RAMP;13.657;;400;350;True;14550;True;14550;True;False
2026-08-25T19:32:38.796812;RAMP;13.797;;431;360;True;14700;True;14700;True;False
2026-08-25T19:32:38.915220;RAMP;13.922;;441;370;True;14850;True;14850;True;False
2026-08-25T19:32:39.042901;RAMP;14.047;;492;390;True;15000;True;14850;True;False
2026-08-25T19:32:39.170543;RAMP;14.172;;502;400;True;15150;True;15000;True;False
2026-08-25T19:32:39.298427;RAMP;14.297;;573;431;True;15150;True;15300;True;False
2026-08-25T19:32:39.433236;RAMP;14.438;;747;441;True;15300;True;15300;True;False
2026-08-25T19:32:39.554610;RAMP;14.563;;757;492;True;15450;True;15450;True;False
2026-08-25T19:32:39.693588;RAMP;14.688;;767;502;True;15600;True;15600;True;False
2026-08-25T19:32:39.818855;RAMP;14.828;;787;573;True;15750;True;15750;True;False
2026-08-25T19:32:39.954021;RAMP;14.953;;878;747;True;15900;True;15900;True;False
2026-08-25T19:32:40.098281;RAMP;15.094;;961;757;True;16000;True;16000;True;False
2026-08-25T19:32:40.114157;HOLD;15.11;0.016;981;;True;16000;True;16000;True;False
2026-08-25T19:32:40.257480;HOLD;15.266;0.172;1001;;True;16000;True;16000;True;False
2026-08-25T19:32:40.401753;HOLD;15.407;0.313;950;;True;16000;True;16000;True;False
2026-08-25T19:32:40.530054;HOLD;15.532;0.438;1082;;True;16000;True;16000;True;False
2026-08-25T19:32:40.673598;HOLD;15.672;0.578;1103;;True;16000;True;16000;True;False
2026-08-25T19:32:40.802920;HOLD;15.797;0.703;1123;;True;16000;True;16000;True;False
2026-08-25T19:32:40.944251;HOLD;15.953;0.859;1103;;True;16000;True;16000;True;False
2026-08-25T19:32:41.087518;HOLD;16.094;1.0;1185;;True;16000;True;16000;True;False
2026-08-25T19:32:41.215730;HOLD;16.219;1.125;1317;1103;True;16000;True;16000;True;False
2026-08-25T19:32:41.348339;HOLD;16.344;1.25;1317;1103;True;16000;True;16000;True;False
2026-08-25T19:32:41.473274;HOLD;16.469;1.375;1378;1123;True;16000;True;16000;True;False
2026-08-25T19:32:41.604405;HOLD;16.61;1.516;1418;1185;True;16000;True;16000;True;False
2026-08-25T19:32:41.739510;HOLD;16.735;1.641;1430;1317;True;16000;True;16000;True;False
2026-08-25T19:32:41.858700;HOLD;16.86;1.766;1460;1317;True;16000;True;16000;True;False
2026-08-25T19:32:41.995945;HOLD;17.0;1.906;1378;1378;True;16000;True;16000;True;False
2026-08-25T19:32:42.114036;HOLD;17.11;2.016;1501;1378;True;16000;True;16000;True;False
2026-08-25T19:32:42.242058;HOLD;17.25;2.156;1551;1418;True;16000;True;16000;True;False
2026-08-25T19:32:42.369966;HOLD;17.375;2.281;1572;1430;True;16000;True;16000;True;False
2026-08-25T19:32:42.499083;HOLD;17.5;2.406;1551;1460;True;16000;True;16000;True;False
2026-08-25T19:32:42.625646;HOLD;17.625;2.531;1582;1501;True;16000;True;16000;True;False
2026-08-25T19:32:42.763508;HOLD;17.766;2.672;1673;1551;True;16000;True;16000;True;False
2026-08-25T19:32:42.894791;HOLD;17.891;2.797;1683;1551;True;16000;True;16000;True;False
2026-08-25T19:32:43.007519;HOLD;18.016;2.922;1826;1572;True;16000;True;16000;True;False
2026-08-25T19:32:43.149187;HOLD;18.157;3.063;1683;1582;True;16000;True;16000;True;False
2026-08-25T19:32:43.281150;HOLD;18.282;3.188;1673;1673;True;16000;True;16000;True;False
2026-08-25T19:32:43.418053;HOLD;18.422;3.328;1725;1673;True;16000;True;16000;True;False
2026-08-25T19:32:43.546892;HOLD;18.547;3.453;1816;1683;True;16000;True;16000;True;False
2026-08-25T19:32:43.682471;HOLD;18.688;3.594;1836;1683;True;16000;True;16000;True;False
2026-08-25T19:32:43.813983;HOLD;18.813;3.719;1836;1725;True;16000;True;16000;True;False
2026-08-25T19:32:43.937325;HOLD;18.938;3.844;1918;1816;True;16000;True;16000;True;False
2026-08-25T19:32:44.075917;HOLD;19.078;3.984;1836;1826;True;16000;True;16000;True;False
2026-08-25T19:32:44.209282;HOLD;19.219;4.125;1867;1836;True;16000;True;16000;True;False
2026-08-25T19:32:44.332582;HOLD;19.328;4.234;1918;1836;True;16000;True;16000;True;False
2026-08-25T19:32:44.459952;HOLD;19.469;4.375;1928;1836;True;16000;True;16000;True;False
2026-08-25T19:32:44.587907;HOLD;19.594;4.5;1897;1867;True;16000;True;16000;True;False
2026-08-25T19:32:44.716701;HOLD;19.719;4.625;1918;1897;True;16000;True;16000;True;False
2026-08-25T19:32:44.844805;HOLD;19.844;4.75;1990;1918;True;16000;True;16000;True;False
2026-08-25T19:32:44.972197;HOLD;19.969;4.875;2030;1918;True;16000;True;16000;True;False
2026-08-25T19:32:45.084433;HOLD;20.094;5.0;2051;1918;True;16000;True;16000;True;False
2026-08-25T19:32:45.213177;HOLD;20.219;5.125;1948;1928;True;16000;True;16000;True;False
2026-08-25T19:32:45.342334;HOLD;20.344;5.25;1968;1948;True;16000;True;16000;True;False
2026-08-25T19:32:45.470714;HOLD;20.469;5.375;2020;1968;True;16000;True;16000;True;False
2026-08-25T19:32:45.598182;HOLD;20.594;5.5;1990;1990;True;16000;True;16000;True;False
2026-08-25T19:32:45.742195;HOLD;20.75;5.656;2142;1990;True;16000;True;16000;True;False
2026-08-25T19:32:45.866838;HOLD;20.875;5.781;2142;2020;True;16000;True;16000;True;False
2026-08-25T19:32:45.995029;HOLD;21.0;5.906;2091;2030;True;16000;True;16000;True;False
2026-08-25T19:32:46.123424;HOLD;21.125;6.031;2091;2051;True;16000;True;16000;True;False
2026-08-25T19:32:46.275900;HOLD;21.282;6.188;2091;2091;True;16000;True;16000;True;False
2026-08-25T19:32:46.410315;HOLD;21.407;6.313;2091;2091;True;16000;True;16000;True;False
2026-08-25T19:32:46.538666;HOLD;21.547;6.453;2285;2091;True;16000;True;16000;True;False
2026-08-25T19:32:46.667415;HOLD;21.672;6.578;2285;2091;True;16000;True;16000;True;False
2026-08-25T19:32:46.802018;HOLD;21.797;6.703;2183;2142;True;16000;True;16000;True;False
2026-08-25T19:32:46.920314;HOLD;21.922;6.828;2152;2142;True;16000;True;16000;True;False
2026-08-25T19:32:47.048421;HOLD;22.047;6.953;2142;2142;True;16000;True;16000;True;False
2026-08-25T19:32:47.176650;HOLD;22.172;7.078;2213;2152;True;16000;True;16000;True;False
2026-08-25T19:32:47.304659;HOLD;22.313;7.219;2376;2183;True;16000;True;16000;True;False
2026-08-25T19:32:47.456748;HOLD;22.453;7.359;2336;2213;True;16000;True;16000;True;False
2026-08-25T19:32:47.593057;HOLD;22.594;7.5;2255;2255;True;16000;True;16000;True;False
2026-08-25T19:32:47.721355;HOLD;22.719;7.625;2315;2255;True;16000;True;16000;True;False
2026-08-25T19:32:47.847056;HOLD;22.844;7.75;2346;2255;True;16000;True;16000;True;False
2026-08-25T19:32:47.974842;HOLD;22.985;7.891;2417;2315;True;16000;True;16000;True;False
2026-08-25T19:32:48.103282;HOLD;23.11;8.016;2427;2336;True;16000;True;16000;True;False
2026-08-25T19:32:48.241983;HOLD;23.25;8.156;2458;2346;True;16000;True;16000;True;False
2026-08-25T19:32:48.378073;HOLD;23.375;8.281;2468;2376;True;16000;True;16000;True;False
2026-08-25T19:32:48.518154;HOLD;23.516;8.422;2488;2417;True;16000;True;16000;True;False
2026-08-25T19:32:48.653294;HOLD;23.657;8.563;2641;2427;True;16000;True;16000;True;False
2026-08-25T19:32:48.790773;HOLD;23.797;8.703;2651;2458;True;16000;True;16000;True;False
2026-08-25T19:32:48.919470;HOLD;23.922;8.828;2611;2468;True;16000;True;16000;True;False
2026-08-25T19:32:49.058342;HOLD;24.063;8.969;2591;2488;True;16000;True;16000;True;False
2026-08-25T19:32:49.206967;HOLD;24.203;9.109;2631;2591;True;16000;True;16000;True;False
2026-08-25T19:32:49.346317;HOLD;24.344;9.25;2641;2611;True;16000;True;16000;True;False
2026-08-25T19:32:49.477066;HOLD;24.485;9.391;2773;2631;True;16000;True;16000;True;False
2026-08-25T19:32:49.606930;HOLD;24.61;9.516;2743;2641;True;16000;True;16000;True;False
2026-08-25T19:32:49.750140;HOLD;24.75;9.656;2753;2641;True;16000;True;16000;True;False
2026-08-25T19:32:49.892950;HOLD;24.891;9.797;2702;2651;True;16000;True;16000;True;False
2026-08-25T19:32:50.037462;HOLD;25.047;9.953;2825;2702;True;16000;True;16000;True;False
2026-08-25T19:32:50.165411;HOLD;25.172;10.078;2855;2743;True;16000;True;16000;True;False
2026-08-25T19:32:50.304640;HOLD;25.313;10.219;2896;2753;True;16000;True;16000;True;False
2026-08-25T19:32:50.449023;HOLD;25.453;10.359;2886;2773;True;16000;True;16000;True;False
2026-08-25T19:32:50.591788;HOLD;25.594;10.5;2876;2825;True;16000;True;16000;True;False
2026-08-25T19:32:50.725025;HOLD;25.735;10.641;2906;2855;True;16000;True;16000;True;False
2026-08-25T19:32:50.860266;HOLD;25.86;10.766;2937;2876;True;16000;True;16000;True;False
2026-08-25T19:32:50.991008;HOLD;26.0;10.906;2947;2886;True;16000;True;16000;True;False
2026-08-25T19:32:51.125402;HOLD;26.125;11.031;3038;2896;True;16000;True;16000;True;False
2026-08-25T19:32:51.253954;HOLD;26.25;11.156;2997;2906;True;16000;True;16000;True;False
2026-08-25T19:32:51.382228;HOLD;26.391;11.297;2926;2926;True;16000;True;16000;True;False
2026-08-25T19:32:51.524757;HOLD;26.532;11.438;2977;2937;True;16000;True;16000;True;False
2026-08-25T19:32:51.654088;HOLD;26.657;11.563;2997;2947;True;16000;True;16000;True;False
2026-08-25T19:32:51.791474;HOLD;26.797;11.703;3008;2977;True;16000;True;16000;True;False
2026-08-25T19:32:51.925833;HOLD;26.922;11.828;2957;2977;True;16000;True;16000;True;False
2026-08-25T19:32:52.062403;HOLD;27.063;11.969;2977;2977;True;16000;True;16000;True;False
2026-08-25T19:32:52.207443;HOLD;27.203;12.109;3100;2997;True;16000;True;16000;True;False
2026-08-25T19:32:52.342227;HOLD;27.344;12.25;3161;2997;True;16000;True;16000;True;False
2026-08-25T19:32:52.468456;HOLD;27.469;12.375;3110;2997;True;16000;True;16000;True;False
2026-08-25T19:32:52.597086;HOLD;27.594;12.5;3130;3008;True;16000;True;16000;True;False
2026-08-25T19:32:52.727588;HOLD;27.735;12.641;3100;3100;True;16000;True;16000;True;False
2026-08-25T19:32:52.865682;HOLD;27.875;12.781;3120;3100;True;16000;True;16000;True;False
2026-08-25T19:32:53.008359;HOLD;28.016;12.922;3283;3110;True;16000;True;16000;True;False
2026-08-25T19:32:53.135726;HOLD;28.141;13.047;3303;3120;True;16000;True;16000;True;False
2026-08-25T19:32:53.263884;HOLD;28.266;13.172;3232;3130;True;16000;True;16000;True;False
2026-08-25T19:32:53.407367;HOLD;28.407;13.313;3252;3161;True;16000;True;16000;True;False
2026-08-25T19:32:53.535198;HOLD;28.532;13.438;3252;3232;True;16000;True;16000;True;False
2026-08-25T19:32:53.662919;HOLD;28.672;13.578;3232;3232;True;16000;True;16000;True;False
2026-08-25T19:32:53.790746;HOLD;28.797;13.703;3181;3232;True;16000;True;16000;True;False
2026-08-25T19:32:53.926582;HOLD;28.922;13.828;3446;3252;True;16000;True;16000;True;False
2026-08-25T19:32:54.046448;HOLD;29.047;13.953;3345;3252;True;16000;True;16000;True;False
2026-08-25T19:32:54.173773;HOLD;29.172;14.078;3385;3252;True;16000;True;16000;True;False
2026-08-25T19:32:54.301472;HOLD;29.297;14.203;3385;3252;True;16000;True;16000;True;False
2026-08-25T19:32:54.432560;HOLD;29.438;14.344;3375;3345;True;16000;True;16000;True;False
2026-08-25T19:32:54.557260;HOLD;29.563;14.469;3293;3345;True;16000;True;16000;True;False
2026-08-25T19:32:54.686567;HOLD;29.688;14.594;3313;3345;True;16000;True;16000;True;False
2026-08-25T19:32:54.830792;HOLD;29.828;14.734;3416;3375;True;16000;True;16000;True;False
2026-08-25T19:32:54.959230;HOLD;29.969;14.875;3436;3385;True;16000;True;16000;True;False
2026-08-25T19:32:55.087283;HOLD;30.094;15.0;3537;3385;True;16000;True;16000;True;False
2026-08-25T19:32:55.214881;HOLD;30.219;15.125;3537;3385;True;16000;True;16000;True;False
2026-08-25T19:32:55.343061;HOLD;30.344;15.25;3497;3416;True;16000;True;16000;True;False
2026-08-25T19:32:55.470257;HOLD;30.469;15.375;3466;3436;True;16000;True;16000;True;False
2026-08-25T19:32:55.598174;HOLD;30.594;15.5;3660;3466;True;16000;True;16000;True;False
2026-08-25T19:32:55.735162;HOLD;30.735;15.641;3537;3497;True;16000;True;16000;True;False
2026-08-25T19:32:55.854625;HOLD;30.86;15.766;3650;3537;True;16000;True;16000;True;False
2026-08-25T19:32:55.982600;HOLD;30.985;15.891;3691;3537;True;16000;True;16000;True;False
2026-08-25T19:32:56.110929;HOLD;31.11;16.016;3701;3537;True;16000;True;16000;True;False
2026-08-25T19:32:56.239862;HOLD;31.25;16.156;3670;3650;True;16000;True;16000;True;False
2026-08-25T19:32:56.367269;HOLD;31.375;16.281;3883;3660;True;16000;True;16000;True;False
2026-08-25T19:32:56.496712;HOLD;31.5;16.406;3905;3670;True;16000;True;16000;True;False
2026-08-25T19:32:56.627528;HOLD;31.625;16.531;3772;3691;True;16000;True;16000;True;False
2026-08-25T19:32:56.751620;HOLD;31.75;16.656;3843;3701;True;16000;True;16000;True;False
2026-08-25T19:32:56.879648;HOLD;31.875;16.781;3873;3772;True;16000;True;16000;True;False
2026-08-25T19:32:57.004187;HOLD;32.0;16.906;3873;3843;True;16000;True;16000;True;False
2026-08-25T19:32:57.132271;HOLD;32.141;17.047;4016;3873;True;16000;True;16000;True;False
2026-08-25T19:32:57.261844;HOLD;32.266;17.172;4047;3873;True;16000;True;16000;True;False
2026-08-25T19:32:57.405788;HOLD;32.407;17.313;4047;3883;True;16000;True;16000;True;False
2026-08-25T19:32:57.540104;HOLD;32.547;17.453;3935;3905;True;16000;True;16000;True;False
2026-08-25T19:32:57.662711;HOLD;32.672;17.578;4098;3935;True;16000;True;16000;True;False
2026-08-25T19:32:57.803577;HOLD;32.813;17.719;4098;4016;True;16000;True;16000;True;False
2026-08-25T19:32:57.944373;HOLD;32.953;17.859;4220;4047;True;16000;True;16000;True;False
2026-08-25T19:32:58.074758;HOLD;33.078;17.984;4261;4047;True;16000;True;16000;True;False
2026-08-25T19:32:58.202482;HOLD;33.203;18.109;4241;4098;True;16000;True;16000;True;False
2026-08-25T19:32:58.330893;HOLD;33.328;18.234;4312;4098;True;16000;True;16000;True;False
2026-08-25T19:32:58.458828;HOLD;33.469;18.375;4322;4220;True;16000;True;16000;True;False
2026-08-25T19:32:58.586930;HOLD;33.594;18.5;4312;4241;True;16000;True;16000;True;False
2026-08-25T19:32:58.714945;HOLD;33.719;18.625;4342;4261;True;16000;True;16000;True;False
2026-08-25T19:32:58.855242;HOLD;33.86;18.766;4291;4291;True;16000;True;16000;True;False
2026-08-25T19:32:58.984621;HOLD;33.985;18.891;4281;4291;True;16000;True;16000;True;False
2026-08-25T19:32:59.112626;HOLD;34.11;19.016;4332;4312;True;16000;True;16000;True;False
2026-08-25T19:32:59.248024;HOLD;34.25;19.156;4332;4312;True;16000;True;16000;True;False
2026-08-25T19:32:59.368164;HOLD;34.375;19.281;4475;4322;True;16000;True;16000;True;False
2026-08-25T19:32:59.496721;HOLD;34.5;19.406;4526;4332;True;16000;True;16000;True;False
2026-08-25T19:32:59.625174;HOLD;34.625;19.531;4566;4332;True;16000;True;16000;True;False
2026-08-25T19:32:59.754522;HOLD;34.75;19.656;4607;4342;True;16000;True;16000;True;False
2026-08-25T19:32:59.880306;HOLD;34.891;19.797;4597;4475;True;16000;True;16000;True;False
2026-08-25T19:33:00.011298;HOLD;35.016;19.922;4546;4526;True;16000;True;16000;True;False
2026-08-25T19:33:00.136966;HOLD;35.141;20.047;4566;4546;True;16000;True;16000;True;False
2026-08-25T19:33:00.280816;HOLD;35.282;20.188;4587;4566;True;16000;True;16000;True;False
2026-08-25T19:33:00.410962;HOLD;35.407;20.313;4627;4566;True;16000;True;16000;True;False
2026-08-25T19:33:00.537673;HOLD;35.547;20.453;4698;4587;True;16000;True;16000;True;False
2026-08-25T19:33:00.665551;HOLD;35.672;20.578;4710;4597;True;16000;True;16000;True;False
2026-08-25T19:33:00.809363;HOLD;35.813;20.719;4710;4607;True;16000;True;16000;True;False
2026-08-25T19:33:00.937632;HOLD;35.938;20.844;4811;4627;True;16000;True;16000;True;False
2026-08-25T19:33:01.066626;HOLD;36.063;20.969;4811;4698;True;16000;True;16000;True;False
2026-08-25T19:33:01.207670;HOLD;36.203;21.109;4740;4710;True;16000;True;16000;True;False
2026-08-25T19:33:01.346922;HOLD;36.344;21.25;4902;4710;True;16000;True;16000;True;False
2026-08-25T19:33:01.475030;HOLD;36.485;21.391;4963;4740;True;16000;True;16000;True;False
2026-08-25T19:33:01.592822;HOLD;36.594;21.5;5025;4811;True;16000;True;16000;True;False
2026-08-25T19:33:01.722305;HOLD;36.719;21.625;5035;4811;True;16000;True;16000;True;False
2026-08-25T19:33:01.857951;HOLD;36.86;21.766;5046;4902;True;16000;True;16000;True;False
2026-08-25T19:33:01.989427;HOLD;37.0;21.906;5005;4963;True;16000;True;16000;True;False
2026-08-25T19:33:02.118020;HOLD;37.125;22.031;5015;5005;True;16000;True;16000;True;False
2026-08-25T19:33:02.254421;HOLD;37.25;22.156;5096;5015;True;16000;True;16000;True;False
2026-08-25T19:33:02.373767;HOLD;37.375;22.281;5127;5025;True;16000;True;16000;True;False
2026-08-25T19:33:02.502160;HOLD;37.5;22.406;5188;5035;True;16000;True;16000;True;False
2026-08-25T19:33:02.633557;HOLD;37.641;22.547;5218;5046;True;16000;True;16000;True;False
2026-08-25T19:33:02.757599;HOLD;37.766;22.672;5310;5096;True;16000;True;16000;True;False
2026-08-25T19:33:02.890558;HOLD;37.891;22.797;5331;5127;True;16000;True;16000;True;False
2026-08-25T19:33:03.012222;HOLD;38.016;22.922;5238;5188;True;16000;True;16000;True;False
2026-08-25T19:33:03.140342;HOLD;38.141;23.047;5270;5218;True;16000;True;16000;True;False
2026-08-25T19:33:03.268050;HOLD;38.266;23.172;5402;5238;True;16000;True;16000;True;False
2026-08-25T19:33:03.396497;HOLD;38.407;23.313;5402;5270;True;16000;True;16000;True;False
2026-08-25T19:33:03.525130;HOLD;38.532;23.438;5341;5310;True;16000;True;16000;True;False
2026-08-25T19:33:03.657835;HOLD;38.657;23.563;5371;5331;True;16000;True;16000;True;False
2026-08-25T19:33:03.784009;HOLD;38.782;23.688;5381;5341;True;16000;True;16000;True;False
2026-08-25T19:33:03.908983;HOLD;38.907;23.813;5341;5341;True;16000;True;16000;True;False
2026-08-25T19:33:04.036219;HOLD;39.047;23.953;5452;5371;True;16000;True;16000;True;False
2026-08-25T19:33:04.177841;HOLD;39.188;24.094;5483;5381;True;16000;True;16000;True;False
2026-08-25T19:33:04.305536;HOLD;39.313;24.219;5402;5402;True;16000;True;16000;True;False
2026-08-25T19:33:04.433314;HOLD;39.438;24.344;5412;5402;True;16000;True;16000;True;False
2026-08-25T19:33:04.577359;HOLD;39.578;24.484;5535;5402;True;16000;True;16000;True;False
2026-08-25T19:33:04.710207;HOLD;39.719;24.625;5545;5412;True;16000;True;16000;True;False
2026-08-25T19:33:04.833909;HOLD;39.844;24.75;5555;5452;True;16000;True;16000;True;False
2026-08-25T19:33:04.977549;HOLD;39.985;24.891;5606;5483;True;16000;True;16000;True;False
2026-08-25T19:33:05.090330;HOLD;40.094;25.0;5545;5535;True;16000;True;16000;True;False
2026-08-25T19:33:05.229257;HOLD;40.235;25.141;5728;5545;True;16000;True;16000;True;False
2026-08-25T19:33:05.365579;HOLD;40.375;25.281;5758;5545;True;16000;True;16000;True;False
2026-08-25T19:33:05.505211;HOLD;40.516;25.422;5778;5555;True;16000;True;16000;True;False
2026-08-25T19:33:05.633863;HOLD;40.641;25.547;5717;5606;True;16000;True;16000;True;False
2026-08-25T19:33:05.776659;HOLD;40.782;25.688;5768;5717;True;16000;True;16000;True;False
2026-08-25T19:33:05.904521;HOLD;40.907;25.813;5728;5728;True;16000;True;16000;True;False
2026-08-25T19:33:06.038243;HOLD;41.047;25.953;5687;5728;True;16000;True;16000;True;False
2026-08-25T19:33:06.188462;HOLD;41.188;26.094;5717;5728;True;16000;True;16000;True;False
2026-08-25T19:33:06.330628;HOLD;41.328;26.234;5830;5728;True;16000;True;16000;True;False
2026-08-25T19:33:06.446846;HOLD;41.453;26.359;5891;5758;True;16000;True;16000;True;False
2026-08-25T19:33:06.574530;HOLD;41.578;26.484;5830;5768;True;16000;True;16000;True;False
2026-08-25T19:33:06.704792;HOLD;41.703;26.609;5860;5768;True;16000;True;16000;True;False
2026-08-25T19:33:06.829001;HOLD;41.828;26.734;5901;5830;True;16000;True;16000;True;False
2026-08-25T19:33:06.960786;HOLD;41.969;26.875;5881;5830;True;16000;True;16000;True;False
2026-08-25T19:33:07.103596;HOLD;42.11;27.016;5901;5860;True;16000;True;16000;True;False
2026-08-25T19:33:07.247953;HOLD;42.25;27.156;5942;5881;True;16000;True;16000;True;False
2026-08-25T19:33:07.376061;HOLD;42.375;27.281;5962;5891;True;16000;True;16000;True;False
2026-08-25T19:33:07.505003;HOLD;42.516;27.422;5962;5901;True;16000;True;16000;True;False
2026-08-25T19:33:07.640342;HOLD;42.641;27.547;6105;5901;True;16000;True;16000;True;False
2026-08-25T19:33:07.773960;HOLD;42.782;27.688;6105;5942;True;16000;True;16000;True;False
2026-08-25T19:33:07.911037;HOLD;42.922;27.828;6125;5962;True;16000;True;16000;True;False
2026-08-25T19:33:08.039124;HOLD;43.047;27.953;6063;5962;True;16000;True;16000;True;False
2026-08-25T19:33:08.174632;HOLD;43.172;28.078;6063;6063;True;16000;True;16000;True;False
2026-08-25T19:33:08.306901;HOLD;43.313;28.219;6085;6063;True;16000;True;16000;True;False
2026-08-25T19:33:08.438657;HOLD;43.438;28.344;6146;6085;True;16000;True;16000;True;False
2026-08-25T19:33:08.566758;HOLD;43.563;28.469;6176;6105;True;16000;True;16000;True;False
2026-08-25T19:33:08.700533;HOLD;43.703;28.609;6207;6105;True;16000;True;16000;True;False
2026-08-25T19:33:08.822227;HOLD;43.828;28.734;6237;6125;True;16000;True;16000;True;False
2026-08-25T19:33:08.950702;HOLD;43.953;28.859;6267;6146;True;16000;True;16000;True;False
2026-08-25T19:33:09.078208;HOLD;44.078;28.984;6338;6176;True;16000;True;16000;True;False
2026-08-25T19:33:09.222271;HOLD;44.219;29.125;6390;6207;True;16000;True;16000;True;False
2026-08-25T19:33:09.352753;HOLD;44.36;29.266;6411;6237;True;16000;True;16000;True;False
2026-08-25T19:33:09.478867;HOLD;44.485;29.391;6461;6267;True;16000;True;16000;True;False
2026-08-25T19:33:09.607191;HOLD;44.61;29.516;6441;6338;True;16000;True;16000;True;False
2026-08-25T19:33:09.740510;HOLD;44.75;29.656;6441;6390;True;16000;True;16000;True;False
2026-08-25T19:33:09.863898;HOLD;44.875;29.781;6471;6411;True;16000;True;16000;True;False
2026-08-25T19:33:09.988117;HOLD;44.985;29.891;6471;6441;True;16000;True;16000;True;False
2026-08-25T19:33:10.084157;HOLD;45.094;30.0;6492;6441;True;16000;True;16000;True;False
2026-08-25T19:33:10.217468;HOLD;45.219;30.125;6482;6461;True;16000;True;16000;True;False
2026-08-25T19:33:10.340285;HOLD;45.344;30.25;6563;6471;True;16000;True;16000;True;False
2026-08-25T19:33:10.469549;HOLD;45.469;30.375;6573;6471;True;16000;True;16000;True;False
2026-08-25T19:33:10.596988;HOLD;45.594;30.5;6553;6482;True;16000;True;16000;True;False
2026-08-25T19:33:10.724931;HOLD;45.735;30.641;6625;6492;True;16000;True;16000;True;False
2026-08-25T19:33:10.853863;HOLD;45.86;30.766;6563;6553;True;16000;True;16000;True;False
2026-08-25T19:33:10.983498;HOLD;45.985;30.891;6583;6563;True;16000;True;16000;True;False
2026-08-25T19:33:11.107065;HOLD;46.11;31.016;6563;6563;True;16000;True;16000;True;False
2026-08-25T19:33:11.250456;HOLD;46.25;31.156;6563;6563;True;16000;True;16000;True;False
2026-08-25T19:33:11.384740;HOLD;46.391;31.297;6645;6563;True;16000;True;16000;True;False
2026-08-25T19:33:11.523147;HOLD;46.532;31.438;6696;6573;True;16000;True;16000;True;False
2026-08-25T19:33:11.650916;HOLD;46.657;31.563;6593;6583;True;16000;True;16000;True;False
2026-08-25T19:33:11.779083;HOLD;46.782;31.688;6603;6593;True;16000;True;16000;True;False
2026-08-25T19:33:11.917934;HOLD;46.922;31.828;6757;6593;True;16000;True;16000;True;False
2026-08-25T19:33:12.061834;HOLD;47.063;31.969;6736;6603;True;16000;True;16000;True;False
2026-08-25T19:33:12.189788;HOLD;47.188;32.094;6716;6645;True;16000;True;16000;True;False
2026-08-25T19:33:12.307614;HOLD;47.313;32.219;6746;6696;True;16000;True;16000;True;False
2026-08-25T19:33:12.434107;HOLD;47.438;32.344;6777;6716;True;16000;True;16000;True;False
2026-08-25T19:33:12.562177;HOLD;47.563;32.469;6787;6736;True;16000;True;16000;True;False
2026-08-25T19:33:12.689642;HOLD;47.688;32.594;6920;6746;True;16000;True;16000;True;False
2026-08-25T19:33:12.818409;HOLD;47.828;32.734;6930;6757;True;16000;True;16000;True;False
2026-08-25T19:33:12.947733;HOLD;47.953;32.859;6817;6777;True;16000;True;16000;True;False
2026-08-25T19:33:13.072862;HOLD;48.078;32.984;6858;6787;True;16000;True;16000;True;False
2026-08-25T19:33:13.200735;HOLD;48.203;33.109;6920;6817;True;16000;True;16000;True;False
2026-08-25T19:33:13.328914;HOLD;48.328;33.234;6878;6858;True;16000;True;16000;True;False
2026-08-25T19:33:13.456720;HOLD;48.453;33.359;6868;6868;True;16000;True;16000;True;False
2026-08-25T19:33:13.589294;HOLD;48.594;33.5;6838;6868;True;16000;True;16000;True;False
2026-08-25T19:33:13.711628;HOLD;48.719;33.625;6910;6878;True;16000;True;16000;True;False
2026-08-25T19:33:13.838234;HOLD;48.844;33.75;6961;6878;True;16000;True;16000;True;False
2026-08-25T19:33:13.968743;HOLD;48.969;33.875;6961;6878;True;16000;True;16000;True;False
2026-08-25T19:33:14.095307;HOLD;49.094;34.0;7011;6910;True;16000;True;16000;True;False
2026-08-25T19:33:14.222516;HOLD;49.219;34.125;7103;6920;True;16000;True;16000;True;False
2026-08-25T19:33:14.349748;HOLD;49.36;34.266;7123;6961;True;16000;True;16000;True;False
2026-08-25T19:33:14.488884;HOLD;49.5;34.406;7266;6961;True;16000;True;16000;True;False
2026-08-25T19:33:14.623493;HOLD;49.625;34.531;7123;7011;True;16000;True;16000;True;False
2026-08-25T19:33:14.749617;HOLD;49.75;34.656;7103;7103;True;16000;True;16000;True;False
2026-08-25T19:33:14.893994;HOLD;49.891;34.797;7082;7103;True;16000;True;16000;True;False
2026-08-25T19:33:15.021331;HOLD;50.032;34.938;7296;7103;True;16000;True;16000;True;False
2026-08-25T19:33:15.133166;HOLD;50.141;35.047;7185;7123;True;16000;True;16000;True;False
2026-08-25T19:33:15.261208;HOLD;50.266;35.172;7256;7123;True;16000;True;16000;True;False
2026-08-25T19:33:15.394408;HOLD;50.391;35.297;7327;7185;True;16000;True;16000;True;False
2026-08-25T19:33:15.515988;HOLD;50.516;35.422;7337;7256;True;16000;True;16000;True;False
2026-08-25T19:33:15.644009;HOLD;50.641;35.547;7450;7256;True;16000;True;16000;True;False
2026-08-25T19:33:15.781303;HOLD;50.782;35.688;7490;7296;True;16000;True;16000;True;False
2026-08-25T19:33:15.915113;HOLD;50.922;35.828;7470;7327;True;16000;True;16000;True;False
2026-08-25T19:33:16.060834;HOLD;51.063;35.969;7480;7337;True;16000;True;16000;True;False
2026-08-25T19:33:16.205010;HOLD;51.203;36.109;7541;7450;True;16000;True;16000;True;False
2026-08-25T19:33:16.333154;HOLD;51.344;36.25;7541;7470;True;16000;True;16000;True;False
2026-08-25T19:33:16.476810;HOLD;51.485;36.391;7561;7480;True;16000;True;16000;True;False
2026-08-25T19:33:16.604314;HOLD;51.61;36.516;7551;7490;True;16000;True;16000;True;False
2026-08-25T19:33:16.732622;HOLD;51.735;36.641;7521;7521;True;16000;True;16000;True;False
2026-08-25T19:33:16.859964;HOLD;51.86;36.766;7511;7521;True;16000;True;16000;True;False
2026-08-25T19:33:16.986238;HOLD;51.985;36.891;7521;7521;True;16000;True;16000;True;False
2026-08-25T19:33:17.114394;HOLD;52.125;37.031;7592;7541;True;16000;True;16000;True;False
2026-08-25T19:33:17.258180;HOLD;52.266;37.172;7541;7541;True;16000;True;16000;True;False
2026-08-25T19:33:17.402181;HOLD;52.407;37.313;7592;7541;True;16000;True;16000;True;False
2026-08-25T19:33:17.530681;HOLD;52.532;37.438;7653;7551;True;16000;True;16000;True;False
2026-08-25T19:33:17.675449;HOLD;52.672;37.578;7673;7551;True;16000;True;16000;True;False
2026-08-25T19:33:17.803139;HOLD;52.813;37.719;7703;7592;True;16000;True;16000;True;False
2026-08-25T19:33:17.930874;HOLD;52.938;37.844;7715;7592;True;16000;True;16000;True;False
2026-08-25T19:33:18.070941;HOLD;53.078;37.984;7715;7653;True;16000;True;16000;True;False
2026-08-25T19:33:18.201068;HOLD;53.203;38.109;7725;7673;True;16000;True;16000;True;False
2026-08-25T19:33:18.344852;HOLD;53.344;38.25;7786;7703;True;16000;True;16000;True;False
2026-08-25T19:33:18.488766;HOLD;53.5;38.406;7725;7715;True;16000;True;16000;True;False
2026-08-25T19:33:18.617025;HOLD;53.625;38.531;7725;7715;True;16000;True;16000;True;False
2026-08-25T19:33:18.744972;HOLD;53.75;38.656;7796;7725;True;16000;True;16000;True;False
2026-08-25T19:33:18.872114;HOLD;53.875;38.781;7786;7725;True;16000;True;16000;True;False
2026-08-25T19:33:19.003499;HOLD;54.0;38.906;7765;7725;True;16000;True;16000;True;False
2026-08-25T19:33:19.121096;HOLD;54.125;39.031;7816;7765;True;16000;True;16000;True;False
2026-08-25T19:33:19.256919;HOLD;54.266;39.172;7776;7776;True;16000;True;16000;True;False
2026-08-25T19:33:19.377253;HOLD;54.375;39.281;7796;7786;True;16000;True;16000;True;False
2026-08-25T19:33:19.504911;HOLD;54.516;39.422;7918;7786;True;16000;True;16000;True;False
2026-08-25T19:33:19.633044;HOLD;54.641;39.547;7948;7796;True;16000;True;16000;True;False
2026-08-25T19:33:19.760831;HOLD;54.766;39.672;7980;7796;True;16000;True;16000;True;False
2026-08-25T19:33:19.904322;HOLD;54.907;39.813;8020;7816;True;16000;True;16000;True;False
2026-08-25T19:33:20.048128;HOLD;55.047;39.953;8030;7918;True;16000;True;16000;True;False
2026-08-25T19:33:20.176571;HOLD;55.188;40.094;8091;7948;True;16000;True;16000;True;False
2026-08-25T19:33:20.320433;HOLD;55.328;40.234;8132;7980;True;16000;True;16000;True;False
2026-08-25T19:33:20.465095;HOLD;55.469;40.375;8193;8020;True;16000;True;16000;True;False
2026-08-25T19:33:20.592646;HOLD;55.594;40.5;8223;8030;True;16000;True;16000;True;False
2026-08-25T19:33:20.720312;HOLD;55.719;40.625;8233;8091;True;16000;True;16000;True;False
2026-08-25T19:33:20.847784;HOLD;55.86;40.766;8243;8132;True;16000;True;16000;True;False
2026-08-25T19:33:20.990855;HOLD;56.0;40.906;8336;8193;True;16000;True;16000;True;False
2026-08-25T19:33:21.119228;HOLD;56.125;41.031;8162;8193;True;16000;True;16000;True;False
2026-08-25T19:33:21.247470;HOLD;56.25;41.156;8275;8223;True;16000;True;16000;True;False
2026-08-25T19:33:21.391806;HOLD;56.391;41.297;8285;8233;True;16000;True;16000;True;False
2026-08-25T19:33:21.519304;HOLD;56.532;41.438;8315;8243;True;16000;True;16000;True;False
2026-08-25T19:33:21.647563;HOLD;56.657;41.563;8356;8275;True;16000;True;16000;True;False
2026-08-25T19:33:21.788448;HOLD;56.797;41.703;8366;8285;True;16000;True;16000;True;False
2026-08-25T19:33:21.920534;HOLD;56.922;41.828;8488;8315;True;16000;True;16000;True;False
2026-08-25T19:33:22.047033;HOLD;57.047;41.953;8498;8336;True;16000;True;16000;True;False
2026-08-25T19:33:22.188373;HOLD;57.188;42.094;8530;8356;True;16000;True;16000;True;False
2026-08-25T19:33:22.316299;HOLD;57.328;42.234;8621;8366;True;16000;True;16000;True;False
2026-08-25T19:33:22.444097;HOLD;57.453;42.359;8550;8488;True;16000;True;16000;True;False
2026-08-25T19:33:22.586851;HOLD;57.594;42.5;8560;8498;True;16000;True;16000;True;False
2026-08-25T19:33:22.715423;HOLD;57.719;42.625;8692;8530;True;16000;True;16000;True;False
2026-08-25T19:33:22.842891;HOLD;57.844;42.75;8722;8550;True;16000;True;16000;True;False
2026-08-25T19:33:22.971188;HOLD;57.969;42.875;8590;8560;True;16000;True;16000;True;False
2026-08-25T19:33:23.113533;HOLD;58.125;43.031;8590;8590;True;16000;True;16000;True;False
2026-08-25T19:33:23.244886;HOLD;58.25;43.156;8783;8590;True;16000;True;16000;True;False
2026-08-25T19:33:23.372776;HOLD;58.375;43.281;8815;8621;True;16000;True;16000;True;False
2026-08-25T19:33:23.511935;HOLD;58.516;43.422;8672;8672;True;16000;True;16000;True;False
2026-08-25T19:33:23.644541;HOLD;58.657;43.563;8733;8692;True;16000;True;16000;True;False
2026-08-25T19:33:23.772475;HOLD;58.782;43.688;8773;8722;True;16000;True;16000;True;False
2026-08-25T19:33:23.900954;HOLD;58.907;43.813;8773;8733;True;16000;True;16000;True;False
2026-08-25T19:33:24.025945;HOLD;59.032;43.938;8865;8773;True;16000;True;16000;True;False
2026-08-25T19:33:24.153708;HOLD;59.157;44.063;8896;8773;True;16000;True;16000;True;False
2026-08-25T19:33:24.281373;HOLD;59.282;44.188;8763;8773;True;16000;True;16000;True;False
2026-08-25T19:33:24.408050;HOLD;59.407;44.313;8957;8773;True;16000;True;16000;True;False
2026-08-25T19:33:24.535339;HOLD;59.547;44.453;8977;8773;True;16000;True;16000;True;False
2026-08-25T19:33:24.662229;HOLD;59.672;44.578;8997;8865;True;16000;True;16000;True;False
2026-08-25T19:33:24.789829;HOLD;59.797;44.703;8876;8876;True;16000;True;16000;True;False
2026-08-25T19:33:24.917166;HOLD;59.922;44.828;9018;8896;True;16000;True;16000;True;False
2026-08-25T19:33:25.048923;HOLD;60.047;44.953;9008;8957;True;16000;True;16000;True;False
2026-08-25T19:33:25.143471;HOLD;60.141;45.047;8987;8977;True;16000;True;16000;True;False
2026-08-25T19:33:25.270214;HOLD;60.282;45.188;8916;8977;True;16000;True;16000;True;False
2026-08-25T19:33:25.396974;HOLD;60.407;45.313;8906;8977;True;16000;True;16000;True;False
2026-08-25T19:33:25.523581;HOLD;60.532;45.438;8926;8977;True;16000;True;16000;True;False
2026-08-25T19:33:25.650503;HOLD;60.657;45.563;8947;8947;True;16000;True;16000;True;False
2026-08-25T19:33:25.761642;HOLD;60.766;45.672;8886;8926;True;16000;True;16000;True;False
2026-08-25T19:33:25.888925;HOLD;60.891;45.797;8916;8926;True;16000;True;16000;True;False
2026-08-25T19:33:26.017038;HOLD;61.016;45.922;8997;8926;True;16000;True;16000;True;False
2026-08-25T19:33:26.134006;HOLD;61.141;46.047;9028;8926;True;16000;True;16000;True;False
2026-08-25T19:33:26.260590;HOLD;61.266;46.172;9028;8926;True;16000;True;16000;True;False
2026-08-25T19:33:26.387976;HOLD;61.391;46.297;9028;8947;True;16000;True;16000;True;False
2026-08-25T19:33:26.517155;HOLD;61.516;46.422;9120;8997;True;16000;True;16000;True;False
2026-08-25T19:33:26.641821;HOLD;61.641;46.547;9161;9028;True;16000;True;16000;True;False
2026-08-25T19:33:26.768011;HOLD;61.766;46.672;9130;9028;True;16000;True;16000;True;False
2026-08-25T19:33:26.895174;HOLD;61.907;46.813;9151;9028;True;16000;True;16000;True;False
2026-08-25T19:33:27.022790;HOLD;62.032;46.938;9232;9120;True;16000;True;16000;True;False
2026-08-25T19:33:27.140576;HOLD;62.141;47.047;9222;9130;True;16000;True;16000;True;False
2026-08-25T19:33:27.266529;HOLD;62.266;47.172;9283;9151;True;16000;True;16000;True;False
2026-08-25T19:33:27.393427;HOLD;62.391;47.297;9313;9161;True;16000;True;16000;True;False
2026-08-25T19:33:27.520299;HOLD;62.532;47.438;9313;9222;True;16000;True;16000;True;False
2026-08-25T19:33:27.646772;HOLD;62.657;47.563;9333;9232;True;16000;True;16000;True;False
2026-08-25T19:33:27.774046;HOLD;62.782;47.688;9355;9283;True;16000;True;16000;True;False
2026-08-25T19:33:27.910096;HOLD;62.922;47.828;9365;9313;True;16000;True;16000;True;False
2026-08-25T19:33:28.028111;HOLD;63.032;47.938;9416;9313;True;16000;True;16000;True;False
2026-08-25T19:33:28.148838;HOLD;63.157;48.063;9416;9333;True;16000;True;16000;True;False
2026-08-25T19:33:28.276019;HOLD;63.282;48.188;9426;9355;True;16000;True;16000;True;False
2026-08-25T19:33:28.402330;HOLD;63.407;48.313;9426;9365;True;16000;True;16000;True;False
2026-08-25T19:33:28.529374;HOLD;63.532;48.438;9547;9416;True;16000;True;16000;True;False
2026-08-25T19:33:28.656878;HOLD;63.657;48.563;9558;9416;True;16000;True;16000;True;False
2026-08-25T19:33:28.784429;HOLD;63.797;48.703;9547;9426;True;16000;True;16000;True;False
2026-08-25T19:33:28.910994;HOLD;63.922;48.828;9547;9426;True;16000;True;16000;True;False
2026-08-25T19:33:29.039105;HOLD;64.047;48.953;9547;9547;True;16000;True;16000;True;False
2026-08-25T19:33:29.157777;HOLD;64.157;49.063;9558;9547;True;16000;True;16000;True;False
2026-08-25T19:33:29.284871;HOLD;64.297;49.203;9578;9547;True;16000;True;16000;True;False
2026-08-25T19:33:29.411173;HOLD;64.422;49.328;9598;9547;True;16000;True;16000;True;False
2026-08-25T19:33:29.537636;HOLD;64.547;49.453;9620;9558;True;16000;True;16000;True;False
2026-08-25T19:33:29.664644;HOLD;64.672;49.578;9640;9558;True;16000;True;16000;True;False
2026-08-25T19:33:29.794491;HOLD;64.797;49.703;9640;9578;True;16000;True;16000;True;False
2026-08-25T19:33:29.920699;HOLD;64.922;49.828;9701;9598;True;16000;True;16000;True;False
2026-08-25T19:33:30.050725;HOLD;65.063;49.969;9711;9620;True;16000;True;16000;True;False
2026-08-25T19:33:30.160783;HOLD;65.172;50.078;9731;9640;True;16000;True;16000;True;False
2026-08-25T19:33:30.287149;HOLD;65.297;50.203;9691;9640;True;16000;True;16000;True;False
2026-08-25T19:33:30.421049;HOLD;65.422;50.328;9792;9691;True;16000;True;16000;True;False
2026-08-25T19:33:30.539081;HOLD;65.547;50.453;9792;9701;True;16000;True;16000;True;False
2026-08-25T19:33:30.666672;HOLD;65.672;50.578;9812;9711;True;16000;True;16000;True;False
2026-08-25T19:33:30.792705;HOLD;65.797;50.703;9731;9731;True;16000;True;16000;True;False
2026-08-25T19:33:30.905361;HOLD;65.907;50.813;9853;9731;True;16000;True;16000;True;False
2026-08-25T19:33:31.030044;HOLD;66.032;50.938;9873;9792;True;16000;True;16000;True;False
2026-08-25T19:33:31.152582;HOLD;66.157;51.063;9905;9792;True;16000;True;16000;True;False
2026-08-25T19:33:31.279617;HOLD;66.282;51.188;9772;9792;True;16000;True;16000;True;False
2026-08-25T19:33:31.407135;HOLD;66.407;51.313;9945;9812;True;16000;True;16000;True;False
2026-08-25T19:33:31.533875;HOLD;66.532;51.438;9955;9853;True;16000;True;16000;True;False
2026-08-25T19:33:31.661071;HOLD;66.672;51.578;9955;9873;True;16000;True;16000;True;False
2026-08-25T19:33:31.789014;HOLD;66.797;51.703;9935;9905;True;16000;True;16000;True;False
2026-08-25T19:33:31.941539;HOLD;66.953;51.859;9986;9935;True;16000;True;16000;True;False
2026-08-25T19:33:32.072915;HOLD;67.078;51.984;9996;9945;True;16000;True;16000;True;False
2026-08-25T19:33:32.201396;HOLD;67.203;52.109;10006;9955;True;16000;True;16000;True;False
2026-08-25T19:33:32.329826;HOLD;67.328;52.234;9945;9955;True;16000;True;16000;True;False
2026-08-25T19:33:32.473833;HOLD;67.485;52.391;10027;9955;True;16000;True;16000;True;False
2026-08-25T19:33:32.601913;HOLD;67.61;52.516;10047;9986;True;16000;True;16000;True;False
2026-08-25T19:33:32.729882;HOLD;67.735;52.641;9986;9986;True;16000;True;16000;True;False
2026-08-25T19:33:32.879247;HOLD;67.891;52.797;10006;9996;True;16000;True;16000;True;False
2026-08-25T19:33:33.000105;HOLD;68.0;52.906;10067;10006;True;16000;True;16000;True;False
2026-08-25T19:33:33.135303;HOLD;68.141;53.047;10108;10006;True;16000;True;16000;True;False
2026-08-25T19:33:33.272015;HOLD;68.282;53.188;10098;10027;True;16000;True;16000;True;False
2026-08-25T19:33:33.400440;HOLD;68.407;53.313;10128;10047;True;16000;True;16000;True;False
2026-08-25T19:33:33.528044;HOLD;68.532;53.438;10180;10067;True;16000;True;16000;True;False
2026-08-25T19:33:33.656044;HOLD;68.657;53.563;10200;10098;True;16000;True;16000;True;False
2026-08-25T19:33:33.784282;HOLD;68.797;53.703;10281;10108;True;16000;True;16000;True;False
2026-08-25T19:33:33.913378;HOLD;68.922;53.828;10312;10128;True;16000;True;16000;True;False
2026-08-25T19:33:34.050366;HOLD;69.063;53.969;10342;10180;True;16000;True;16000;True;False
2026-08-25T19:33:34.167627;HOLD;69.172;54.078;10362;10200;True;16000;True;16000;True;False
2026-08-25T19:33:34.296072;HOLD;69.297;54.203;10433;10281;True;16000;True;16000;True;False
2026-08-25T19:33:34.428620;HOLD;69.438;54.344;10383;10312;True;16000;True;16000;True;False
2026-08-25T19:33:34.550916;HOLD;69.563;54.469;10393;10342;True;16000;True;16000;True;False
2026-08-25T19:33:34.678749;HOLD;69.688;54.594;10383;10362;True;16000;True;16000;True;False
2026-08-25T19:33:34.807077;HOLD;69.813;54.719;10516;10383;True;16000;True;16000;True;False
2026-08-25T19:33:34.935131;HOLD;69.938;54.844;10373;10383;True;16000;True;16000;True;False
2026-08-25T19:33:35.074400;HOLD;70.078;54.984;10403;10383;True;16000;True;16000;True;False
2026-08-25T19:33:35.205433;HOLD;70.203;55.109;10556;10393;True;16000;True;16000;True;False
2026-08-25T19:33:35.333837;HOLD;70.344;55.25;10546;10403;True;16000;True;16000;True;False
2026-08-25T19:33:35.468169;HOLD;70.469;55.375;10433;10403;True;16000;True;16000;True;False
2026-08-25T19:33:35.594677;HOLD;70.594;55.5;10475;10433;True;16000;True;16000;True;False
2026-08-25T19:33:35.731580;HOLD;70.735;55.641;10566;10475;True;16000;True;16000;True;False
2026-08-25T19:33:35.875521;HOLD;70.875;55.781;10577;10516;True;16000;True;16000;True;False
2026-08-25T19:33:36.007438;HOLD;71.016;55.922;10678;10546;True;16000;True;16000;True;False
2026-08-25T19:33:36.132539;HOLD;71.141;56.047;10710;10556;True;16000;True;16000;True;False
2026-08-25T19:33:36.260631;HOLD;71.266;56.172;10698;10566;True;16000;True;16000;True;False
2026-08-25T19:33:36.388376;HOLD;71.391;56.297;10730;10577;True;16000;True;16000;True;False
2026-08-25T19:33:36.516456;HOLD;71.516;56.422;10760;10678;True;16000;True;16000;True;False
2026-08-25T19:33:36.644159;HOLD;71.657;56.563;10781;10698;True;16000;True;16000;True;False
2026-08-25T19:33:36.771027;HOLD;71.782;56.688;10811;10710;True;16000;True;16000;True;False
2026-08-25T19:33:36.898514;HOLD;71.907;56.813;10841;10730;True;16000;True;16000;True;False
2026-08-25T19:33:37.025874;HOLD;72.032;56.938;10862;10760;True;16000;True;16000;True;False
2026-08-25T19:33:37.153769;HOLD;72.157;57.063;10872;10781;True;16000;True;16000;True;False
2026-08-25T19:33:37.281584;HOLD;72.282;57.188;10892;10811;True;16000;True;16000;True;False
2026-08-25T19:33:37.409107;HOLD;72.422;57.328;10953;10841;True;16000;True;16000;True;False
2026-08-25T19:33:37.546203;HOLD;72.547;57.453;10963;10862;True;16000;True;16000;True;False
2026-08-25T19:33:37.682415;HOLD;72.688;57.594;10963;10872;True;16000;True;16000;True;False
2026-08-25T19:33:37.812196;HOLD;72.813;57.719;10973;10892;True;16000;True;16000;True;False
2026-08-25T19:33:37.940289;HOLD;72.953;57.859;11035;10953;True;16000;True;16000;True;False
2026-08-25T19:33:38.077870;HOLD;73.078;57.984;11025;10963;True;16000;True;16000;True;False
2026-08-25T19:33:38.182680;HOLD;73.188;58.094;10973;10963;True;16000;True;16000;True;False
2026-08-25T19:33:38.305570;HOLD;73.313;58.219;10985;10973;True;16000;True;16000;True;False
2026-08-25T19:33:38.440245;HOLD;73.453;58.359;11106;10973;True;16000;True;16000;True;False
2026-08-25T19:33:38.562244;HOLD;73.563;58.469;11116;10985;True;16000;True;16000;True;False
2026-08-25T19:33:38.690991;HOLD;73.703;58.609;11066;11025;True;16000;True;16000;True;False
2026-08-25T19:33:38.817931;HOLD;73.828;58.734;11127;11035;True;16000;True;16000;True;False
2026-08-25T19:33:38.946467;HOLD;73.953;58.859;11188;11066;True;16000;True;16000;True;False
2026-08-25T19:33:39.084406;HOLD;74.094;59.0;11188;11106;True;16000;True;16000;True;False
2026-08-25T19:33:39.217602;HOLD;74.219;59.125;11188;11116;True;16000;True;16000;True;False
2026-08-25T19:33:39.353950;HOLD;74.36;59.266;11198;11127;True;16000;True;16000;True;False
2026-08-25T19:33:39.487622;HOLD;74.5;59.406;11218;11188;True;16000;True;16000;True;False
2026-08-25T19:33:39.614598;HOLD;74.625;59.531;11290;11188;True;16000;True;16000;True;False
2026-08-25T19:33:39.743249;HOLD;74.75;59.656;11320;11188;True;16000;True;16000;True;False
2026-08-25T19:33:39.871521;HOLD;74.875;59.781;11320;11198;True;16000;True;16000;True;False
2026-08-25T19:33:40;HOLD;75.0;59.906;11341;11218;True;16000;True;16000;True;False
2026-08-25T19:33:40.125832;HOLD;75.125;60.031;11351;11290;True;16000;True;16000;True;False
2026-08-25T19:33:40.253972;HOLD;75.266;60.172;11331;11320;True;16000;True;16000;True;False
2026-08-25T19:33:40.381687;HOLD;75.391;60.297;11361;11320;True;16000;True;16000;True;False
2026-08-25T19:33:40.525599;HOLD;75.532;60.438;11442;11331;True;16000;True;16000;True;False
2026-08-25T19:33:40.654149;HOLD;75.657;60.563;11381;11341;True;16000;True;16000;True;False
2026-08-25T19:33:40.782648;HOLD;75.782;60.688;11392;11351;True;16000;True;16000;True;False
2026-08-25T19:33:40.910944;HOLD;75.922;60.828;11545;11361;True;16000;True;16000;True;False
2026-08-25T19:33:41.044674;HOLD;76.047;60.953;11565;11381;True;16000;True;16000;True;False
2026-08-25T19:33:41.164603;HOLD;76.172;61.078;11442;11392;True;16000;True;16000;True;False
2026-08-25T19:33:41.292521;HOLD;76.297;61.203;11452;11442;True;16000;True;16000;True;False
2026-08-25T19:33:41.420433;HOLD;76.422;61.328;11575;11442;True;16000;True;16000;True;False
2026-08-25T19:33:41.549204;HOLD;76.563;61.469;11575;11452;True;16000;True;16000;True;False
2026-08-25T19:33:41.693462;HOLD;76.703;61.609;11555;11545;True;16000;True;16000;True;False
2026-08-25T19:33:41.837523;HOLD;76.844;61.75;11626;11555;True;16000;True;16000;True;False
2026-08-25T19:33:41.965464;HOLD;76.969;61.875;11585;11565;True;16000;True;16000;True;False
2026-08-25T19:33:42.104105;HOLD;77.11;62.016;11585;11575;True;16000;True;16000;True;False
2026-08-25T19:33:42.220530;HOLD;77.219;62.125;11727;11575;True;16000;True;16000;True;False
2026-08-25T19:33:42.348085;HOLD;77.36;62.266;11748;11585;True;16000;True;16000;True;False
2026-08-25T19:33:42.476733;HOLD;77.485;62.391;11646;11585;True;16000;True;16000;True;False
2026-08-25T19:33:42.605370;HOLD;77.61;62.516;11788;11626;True;16000;True;16000;True;False
2026-08-25T19:33:42.732963;HOLD;77.735;62.641;11788;11646;True;16000;True;16000;True;False
2026-08-25T19:33:42.859881;HOLD;77.86;62.766;11820;11727;True;16000;True;16000;True;False
2026-08-25T19:33:42.990758;HOLD;78.0;62.906;11798;11748;True;16000;True;16000;True;False
2026-08-25T19:33:43.125852;HOLD;78.125;63.031;11891;11788;True;16000;True;16000;True;False
2026-08-25T19:33:43.226791;HOLD;78.235;63.141;11891;11788;True;16000;True;16000;True;False
2026-08-25T19:33:43.358664;HOLD;78.36;63.266;11911;11798;True;16000;True;16000;True;False
2026-08-25T19:33:43.490043;HOLD;78.5;63.406;11871;11820;True;16000;True;16000;True;False
2026-08-25T19:33:43.627142;HOLD;78.641;63.547;11901;11871;True;16000;True;16000;True;False
2026-08-25T19:33:43.754788;HOLD;78.766;63.672;11911;11891;True;16000;True;16000;True;False
2026-08-25T19:33:43.898726;HOLD;78.907;63.813;11901;11891;True;16000;True;16000;True;False
2026-08-25T19:33:44.034095;HOLD;79.047;63.953;11901;11901;True;16000;True;16000;True;False
2026-08-25T19:33:44.152727;HOLD;79.157;64.063;11901;11901;True;16000;True;16000;True;False
2026-08-25T19:33:44.280674;HOLD;79.282;64.188;11911;11901;True;16000;True;16000;True;False
2026-08-25T19:33:44.424492;HOLD;79.438;64.344;11911;11901;True;16000;True;16000;True;False
2026-08-25T19:33:44.554030;HOLD;79.563;64.469;11911;11901;True;16000;True;16000;True;False
2026-08-25T19:33:44.680298;HOLD;79.688;64.594;11942;11911;True;16000;True;16000;True;False
2026-08-25T19:33:44.809111;HOLD;79.813;64.719;11962;11911;True;16000;True;16000;True;False
2026-08-25T19:33:44.936458;HOLD;79.938;64.844;11952;11911;True;16000;True;16000;True;False
2026-08-25T19:33:45.064037;HOLD;80.063;64.969;11992;11911;True;16000;True;16000;True;False
2026-08-25T19:33:45.195693;HOLD;80.203;65.109;12043;11942;True;16000;True;16000;True;False
2026-08-25T19:33:45.319453;HOLD;80.328;65.234;12053;11952;True;16000;True;16000;True;False
2026-08-25T19:33:45.456320;HOLD;80.469;65.375;12033;11962;True;16000;True;16000;True;False
2026-08-25T19:33:45.575659;HOLD;80.578;65.484;12033;11992;True;16000;True;16000;True;False
2026-08-25T19:33:45.704008;HOLD;80.703;65.609;12125;12033;True;16000;True;16000;True;False
2026-08-25T19:33:45.847855;HOLD;80.86;65.766;12146;12033;True;16000;True;16000;True;False
2026-08-25T19:33:45.975879;HOLD;80.985;65.891;12095;12043;True;16000;True;16000;True;False
2026-08-25T19:33:46.103903;HOLD;81.11;66.016;12125;12053;True;16000;True;16000;True;False
2026-08-25T19:33:46.247004;HOLD;81.25;66.156;12125;12095;True;16000;True;16000;True;False
2026-08-25T19:33:46.374562;HOLD;81.375;66.281;12186;12125;True;16000;True;16000;True;False
2026-08-25T19:33:46.503687;HOLD;81.516;66.422;12196;12125;True;16000;True;16000;True;False
2026-08-25T19:33:46.646000;HOLD;81.657;66.563;12196;12125;True;16000;True;16000;True;False
2026-08-25T19:33:46.774157;HOLD;81.782;66.688;12206;12146;True;16000;True;16000;True;False
2026-08-25T19:33:46.902435;HOLD;81.907;66.813;12278;12186;True;16000;True;16000;True;False
2026-08-25T19:33:47.029799;HOLD;82.032;66.938;12298;12196;True;16000;True;16000;True;False
2026-08-25T19:33:47.160143;HOLD;82.172;67.078;12247;12196;True;16000;True;16000;True;False
2026-08-25T19:33:47.290971;HOLD;82.297;67.203;12267;12206;True;16000;True;16000;True;False
2026-08-25T19:33:47.413077;HOLD;82.422;67.328;12350;12247;True;16000;True;16000;True;False
2026-08-25T19:33:47.540827;HOLD;82.547;67.453;12350;12267;True;16000;True;16000;True;False
2026-08-25T19:33:47.673383;HOLD;82.672;67.578;12308;12278;True;16000;True;16000;True;False
2026-08-25T19:33:47.812598;HOLD;82.813;67.719;12338;12298;True;16000;True;16000;True;False
2026-08-25T19:33:47.951175;HOLD;82.953;67.859;12431;12308;True;16000;True;16000;True;False
2026-08-25T19:33:48.068486;HOLD;83.078;67.984;12451;12338;True;16000;True;16000;True;False
2026-08-25T19:33:48.196156;HOLD;83.203;68.109;12431;12350;True;16000;True;16000;True;False
2026-08-25T19:33:48.324155;HOLD;83.328;68.234;12492;12350;True;16000;True;16000;True;False
2026-08-25T19:33:48.468645;HOLD;83.469;68.375;12492;12431;True;16000;True;16000;True;False
2026-08-25T19:33:48.595594;HOLD;83.61;68.516;12512;12431;True;16000;True;16000;True;False
2026-08-25T19:33:48.739339;HOLD;83.75;68.656;12532;12451;True;16000;True;16000;True;False
2026-08-25T19:33:48.866122;HOLD;83.875;68.781;12451;12451;True;16000;True;16000;True;False
2026-08-25T19:33:48.994228;HOLD;84.0;68.906;12441;12451;True;16000;True;16000;True;False
2026-08-25T19:33:49.121028;HOLD;84.125;69.031;12573;12492;True;16000;True;16000;True;False
2026-08-25T19:33:49.256695;HOLD;84.266;69.172;12573;12492;True;16000;True;16000;True;False
2026-08-25T19:33:49.379117;HOLD;84.391;69.297;12481;12492;True;16000;True;16000;True;False
2026-08-25T19:33:49.506909;HOLD;84.516;69.422;12625;12512;True;16000;True;16000;True;False
2026-08-25T19:33:49.635440;HOLD;84.641;69.547;12625;12532;True;16000;True;16000;True;False
2026-08-25T19:33:49.771214;HOLD;84.782;69.688;12635;12573;True;16000;True;16000;True;False
2026-08-25T19:33:49.905199;HOLD;84.907;69.813;12542;12573;True;16000;True;16000;True;False
2026-08-25T19:33:50.036164;HOLD;85.047;69.953;12655;12573;True;16000;True;16000;True;False
2026-08-25T19:33:50.175266;HOLD;85.188;70.094;12696;12625;True;16000;True;16000;True;False
2026-08-25T19:33:50.305526;HOLD;85.313;70.219;12685;12625;True;16000;True;16000;True;False
2026-08-25T19:33:50.434190;HOLD;85.438;70.344;12716;12635;True;16000;True;16000;True;False
2026-08-25T19:33:50.569549;HOLD;85.578;70.484;12726;12655;True;16000;True;16000;True;False
2026-08-25T19:33:50.690449;HOLD;85.703;70.609;12746;12685;True;16000;True;16000;True;False
2026-08-25T19:33:50.818123;HOLD;85.828;70.734;12767;12696;True;16000;True;16000;True;False
2026-08-25T19:33:50.945381;HOLD;85.953;70.859;12777;12716;True;16000;True;16000;True;False
2026-08-25T19:33:51.071647;HOLD;86.078;70.984;12787;12726;True;16000;True;16000;True;False
2026-08-25T19:33:51.201822;HOLD;86.203;71.109;12797;12746;True;16000;True;16000;True;False
2026-08-25T19:33:51.328821;HOLD;86.328;71.234;12746;12746;True;16000;True;16000;True;False
2026-08-25T19:33:51.456796;HOLD;86.469;71.375;12767;12767;True;16000;True;16000;True;False
2026-08-25T19:33:51.585283;HOLD;86.594;71.5;12828;12767;True;16000;True;16000;True;False
2026-08-25T19:33:51.713530;HOLD;86.719;71.625;12868;12777;True;16000;True;16000;True;False
2026-08-25T19:33:51.847374;HOLD;86.86;71.766;12868;12787;True;16000;True;16000;True;False
2026-08-25T19:33:51.974078;HOLD;86.985;71.891;12910;12797;True;16000;True;16000;True;False
2026-08-25T19:33:52.096808;HOLD;87.11;72.016;12950;12828;True;16000;True;16000;True;False
2026-08-25T19:33:52.233969;HOLD;87.235;72.141;12981;12868;True;16000;True;16000;True;False
2026-08-25T19:33:52.350773;HOLD;87.36;72.266;13052;12868;True;16000;True;16000;True;False
2026-08-25T19:33:52.495416;HOLD;87.5;72.406;13092;12910;True;16000;True;16000;True;False
2026-08-25T19:33:52.638836;HOLD;87.641;72.547;13072;12950;True;16000;True;16000;True;False
2026-08-25T19:33:52.771224;HOLD;87.782;72.688;13092;12981;True;16000;True;16000;True;False
2026-08-25T19:33:52.911192;HOLD;87.922;72.828;13215;13052;True;16000;True;16000;True;False
2026-08-25T19:33:53.039575;HOLD;88.047;72.953;13103;13072;True;16000;True;16000;True;False
2026-08-25T19:33:53.177434;HOLD;88.188;73.094;13103;13092;True;16000;True;16000;True;False
2026-08-25T19:33:53.308611;HOLD;88.313;73.219;13266;13092;True;16000;True;16000;True;False
2026-08-25T19:33:53.452780;HOLD;88.453;73.359;13266;13103;True;16000;True;16000;True;False
2026-08-25T19:33:53.588557;HOLD;88.594;73.5;13082;13103;True;16000;True;16000;True;False
2026-08-25T19:33:53.709169;HOLD;88.719;73.625;13062;13103;True;16000;True;16000;True;False
2026-08-25T19:33:53.837955;HOLD;88.844;73.75;13266;13103;True;16000;True;16000;True;False
2026-08-25T19:33:53.981407;HOLD;88.985;73.891;13276;13215;True;16000;True;16000;True;False
2026-08-25T19:33:54.110141;HOLD;89.11;74.016;13103;13103;True;16000;True;16000;True;False
2026-08-25T19:33:54.236376;HOLD;89.25;74.156;13143;13143;True;16000;True;16000;True;False
2026-08-25T19:33:54.364370;HOLD;89.375;74.281;13236;13236;True;16000;True;16000;True;False
2026-08-25T19:33:54.491476;HOLD;89.5;74.406;13195;13195;True;16000;True;16000;True;False
2026-08-25T19:33:54.619213;HOLD;89.625;74.531;13286;13195;True;16000;True;16000;True;False
2026-08-25T19:33:54.752653;HOLD;89.766;74.672;13317;13236;True;16000;True;16000;True;False
2026-08-25T19:33:54.874444;HOLD;89.875;74.781;13225;13236;True;16000;True;16000;True;False
2026-08-25T19:33:55.002517;HOLD;90.016;74.922;13256;13236;True;16000;True;16000;True;False
2026-08-25T19:33:55.131557;CAPTURE;90.141;75.047;13337;13236;True;16000;True;16000;True;False
2026-08-25T19:33:55.273772;CAPTURE;90.282;75.188;13357;13256;True;16000;True;16000;True;False
2026-08-25T19:33:55.402176;CAPTURE;90.407;75.313;13367;13286;True;16000;True;16000;True;False
2026-08-25T19:33:55.533042;CAPTURE;90.547;75.453;13398;13317;True;16000;True;16000;True;False
2026-08-25T19:33:55.674503;CAPTURE;90.688;75.594;13418;13337;True;16000;True;16000;True;False
2026-08-25T19:33:55.803601;CAPTURE;90.813;75.719;13500;13357;True;16000;True;16000;True;False
2026-08-25T19:33:55.932105;CAPTURE;90.938;75.844;13500;13367;True;16000;True;16000;True;False
2026-08-25T19:33:56.060218;CAPTURE;91.063;75.969;13428;13398;True;16000;True;16000;True;False
2026-08-25T19:33:56.200697;CAPTURE;91.203;76.109;13398;13398;True;16000;True;16000;True;False
2026-08-25T19:33:56.346015;CAPTURE;91.36;76.266;13500;13418;True;16000;True;16000;True;False
2026-08-25T19:33:56.473705;CAPTURE;91.485;76.391;13480;13428;True;16000;True;16000;True;False
2026-08-25T19:33:56.614434;CAPTURE;91.625;76.531;13521;13480;True;16000;True;16000;True;False
2026-08-25T19:33:56.746093;CAPTURE;91.75;76.656;13582;13500;True;16000;True;16000;True;False
2026-08-25T19:33:56.873828;CAPTURE;91.875;76.781;13561;13500;True;16000;True;16000;True;False
2026-08-25T19:33:57.000716;CAPTURE;92.0;76.906;13612;13500;True;16000;True;16000;True;False
2026-08-25T19:33:57.128519;CAPTURE;92.141;77.047;13715;13521;True;16000;True;16000;True;False
2026-08-25T19:33:57.257367;CAPTURE;92.266;77.172;13745;13561;True;16000;True;16000;True;False
2026-08-25T19:33:57.387020;CAPTURE;92.391;77.297;13786;13582;True;16000;True;16000;True;False
2026-08-25T19:33:57.516178;CAPTURE;92.516;77.422;13796;13612;True;16000;True;16000;True;False
2026-08-25T19:33:57.653830;CAPTURE;92.657;77.563;13796;13715;True;16000;True;16000;True;False
2026-08-25T19:33:57.792050;CAPTURE;92.797;77.703;13806;13745;True;16000;True;16000;True;False
2026-08-25T19:33:57.927253;CAPTURE;92.938;77.844;13867;13786;True;16000;True;16000;True;False
2026-08-25T19:33:58.058030;CAPTURE;93.063;77.969;13796;13796;True;16000;True;16000;True;False
2026-08-25T19:33:58.185567;CAPTURE;93.188;78.094;13796;13796;True;16000;True;16000;True;False
2026-08-25T19:33:58.310756;CAPTURE;93.313;78.219;13897;13796;True;16000;True;16000;True;False
2026-08-25T19:33:58.454975;CAPTURE;93.469;78.375;13897;13796;True;16000;True;16000;True;False
2026-08-25T19:33:58.582518;CAPTURE;93.594;78.5;13816;13806;True;16000;True;16000;True;False
2026-08-25T19:33:58.709870;CAPTURE;93.719;78.625;13786;13806;True;16000;True;16000;True;False
2026-08-25T19:33:58.838236;CAPTURE;93.844;78.75;13897;13816;True;16000;True;16000;True;False
2026-08-25T19:33:58.982516;CAPTURE;93.985;78.891;13877;13867;True;16000;True;16000;True;False
2026-08-25T19:33:59.110659;CAPTURE;94.125;79.031;13887;13877;True;16000;True;16000;True;False
2026-08-25T19:33:59.237653;CAPTURE;94.25;79.156;13928;13887;True;16000;True;16000;True;False
2026-08-25T19:33:59.364243;CAPTURE;94.375;79.281;13938;13897;True;16000;True;16000;True;False
2026-08-25T19:33:59.506250;CAPTURE;94.516;79.422;13978;13897;True;16000;True;16000;True;False
2026-08-25T19:33:59.635244;CAPTURE;94.641;79.547;14071;13897;True;16000;True;16000;True;False
2026-08-25T19:33:59.762903;CAPTURE;94.766;79.672;14081;13928;True;16000;True;16000;True;False
2026-08-25T19:33:59.922578;CAPTURE;94.922;79.828;14142;13938;True;16000;True;16000;True;False
2026-08-25T19:34:00.050280;CAPTURE;95.063;79.969;14132;13978;True;16000;True;16000;True;False
