"Category","Check","Passed","Blocking","Details"
"Backup","OPC UA backup created","True","True","C:\projects\mestrado_guilherme_watchdog_v2_20260403-021715\PLANTA_LCPIC\Physical\Config1\X20CP0483\Connectivity\OpcUA\OpcUaMap.uad.pre_finalizer_20260403-030134.bak"
"Variables","Nivel : INT","True","True","C:\projects\mestrado_guilherme_watchdog_v2_20260403-021715\PLANTA_LCPIC\Logical\Program\Variables.var"
"Variables","Enable : BOOL","True","True","C:\projects\mestrado_guilherme_watchdog_v2_20260403-021715\PLANTA_LCPIC\Logical\Program\Variables.var"
"Variables","DAC : INT","True","True","C:\projects\mestrado_guilherme_watchdog_v2_20260403-021715\PLANTA_LCPIC\Logical\Program\Variables.var"
"Variables","Heartbeat : UDINT","True","True","C:\projects\mestrado_guilherme_watchdog_v2_20260403-021715\PLANTA_LCPIC\Logical\Program\Variables.var"
"Variables","SafetyReset : BOOL","True","True","C:\projects\mestrado_guilherme_watchdog_v2_20260403-021715\PLANTA_LCPIC\Logical\Program\Variables.var"
"Variables","EnableOut : BOOL","True","True","C:\projects\mestrado_guilherme_watchdog_v2_20260403-021715\PLANTA_LCPIC\Logical\Program\Variables.var"
"Variables","DACOut : INT","True","True","C:\projects\mestrado_guilherme_watchdog_v2_20260403-021715\PLANTA_LCPIC\Logical\Program\Variables.var"
"Variables","WatchdogHealthy : BOOL","True","True","C:\projects\mestrado_guilherme_watchdog_v2_20260403-021715\PLANTA_LCPIC\Logical\Program\Variables.var"
"Variables","WatchdogTripped : BOOL","True","True","C:\projects\mestrado_guilherme_watchdog_v2_20260403-021715\PLANTA_LCPIC\Logical\Program\Variables.var"
"Variables","AppliedEnable : BOOL","True","True","C:\projects\mestrado_guilherme_watchdog_v2_20260403-021715\PLANTA_LCPIC\Logical\Program\Variables.var"
"Variables","AppliedDAC : INT","True","True","C:\projects\mestrado_guilherme_watchdog_v2_20260403-021715\PLANTA_LCPIC\Logical\Program\Variables.var"
"Variables","WdTimer : TON","True","True","C:\projects\mestrado_guilherme_watchdog_v2_20260403-021715\PLANTA_LCPIC\Logical\Program\Variables.var"
"Logic","INIT safe Enable","True","True","Enable\s*:=\s*FALSE\s*;"
"Logic","INIT safe DAC","True","True","DAC\s*:=\s*0\s*;"
"Logic","CYCLIC one-second timeout","True","True","PT\s*:=\s*T#1s"
"Logic","CYCLIC output gate Enable","True","True","EnableOut\s*:=\s*AppliedEnable\s*;"
"Logic","CYCLIC output gate DAC","True","True","DACOut\s*:=\s*AppliedDAC\s*;"
"Logic","EXIT safe Enable","True","True","EnableOut\s*:=\s*FALSE\s*;"
"Logic","EXIT safe DAC","True","True","DACOut\s*:=\s*0\s*;"
"I/O Mapping","Nivel mapped to physical input","True","True","::Program:Nivel"
"I/O Mapping","DACOut mapped to physical output","True","True","::Program:DACOut"
"I/O Mapping","EnableOut mapped to physical output","True","True","::Program:EnableOut"
"I/O Mapping","Old direct Enable mapping removed","True","True","C:\projects\mestrado_guilherme_watchdog_v2_20260403-021715\PLANTA_LCPIC\Physical\Config1\X20CP0483\IoMap.iom"
"I/O Mapping","Old direct DAC mapping removed","True","True","C:\projects\mestrado_guilherme_watchdog_v2_20260403-021715\PLANTA_LCPIC\Physical\Config1\X20CP0483\IoMap.iom"
"OPC UA","All required variables published","True","True","Missing: "
"OPC UA","No physical output variables published","True","True","Forbidden: "
"OPC UA","No duplicate variable entries","True","True","Duplicate groups: 0"
