elapsed_s;gw_nivel;gw_enable;gw_dac;gw_applied_enable;gw_applied_dac;gw_watchdog_healthy;plc_enable;plc_dac;plc_applied_enable;plc_applied_dac;plc_watchdog_healthy
0.063000;217.0;False;0.0;False;0.0;True;False;0.0;False;0.0;True
0.203000;217.0;False;0.0;False;0.0;True;False;0.0;False;0.0;True
0.328000;217.0;False;0.0;False;0.0;True;False;0.0;False;0.0;True
0.453000;207.0;False;0.0;False;0.0;True;False;0.0;False;0.0;True
0.578000;217.0;False;0.0;False;0.0;True;False;0.0;False;0.0;True
0.703000;207.0;False;0.0;False;0.0;True;False;0.0;False;0.0;True
0.828000;207.0;False;0.0;False;0.0;True;False;0.0;False;0.0;True
0.969000;217.0;False;0.0;False;0.0;True;False;0.0;False;0.0;True
1.094000;217.0;False;0.0;False;0.0;True;False;0.0;False;0.0;True
1.235000;217.0;False;0.0;False;0.0;True;False;0.0;False;0.0;True
1.360000;217.0;False;0.0;False;0.0;True;False;0.0;False;0.0;True
1.500000;217.0;False;0.0;False;0.0;True;False;0.0;False;0.0;True
1.625000;227.0;False;0.0;False;0.0;True;False;0.0;False;0.0;True
1.750000;207.0;False;0.0;False;0.0;True;False;0.0;False;0.0;True
1.875000;217.0;False;0.0;False;0.0;True;False;0.0;False;0.0;True
1.985000;227.0;False;0.0;False;0.0;True;False;0.0;False;0.0;True
2.141000;207.0;False;0.0;False;0.0;True;False;0.0;False;0.0;True
2.266000;217.0;False;0.0;False;0.0;True;False;0.0;False;0.0;True
2.391000;217.0;False;0.0;False;0.0;True;False;0.0;False;0.0;True
2.516000;217.0;False;0.0;False;0.0;True;False;0.0;False;0.0;True
2.641000;227.0;False;0.0;False;0.0;True;False;0.0;False;0.0;True
2.766000;217.0;False;0.0;False;0.0;True;False;0.0;False;0.0;True
2.906000;217.0;False;0.0;False;0.0;True;False;0.0;False;0.0;True
3.047000;217.0;False;0.0;False;0.0;True;False;0.0;False;0.0;True
3.172000;227.0;False;0.0;False;0.0;True;False;0.0;False;0.0;True
3.297000;227.0;False;0.0;False;0.0;True;False;0.0;False;0.0;True
3.422000;217.0;False;0.0;False;0.0;True;False;0.0;False;0.0;True
3.563000;227.0;False;0.0;False;0.0;True;False;0.0;False;0.0;True
3.688000;227.0;False;0.0;False;0.0;True;False;0.0;False;0.0;True
3.813000;227.0;False;0.0;False;0.0;True;False;0.0;False;0.0;True
3.953000;227.0;False;0.0;False;0.0;True;False;0.0;False;0.0;True
4.094000;227.0;False;0.0;False;0.0;True;False;0.0;False;0.0;True
4.219000;227.0;False;0.0;False;0.0;True;False;0.0;False;0.0;True
4.360000;217.0;False;0.0;False;0.0;True;False;0.0;False;0.0;True
4.485000;217.0;False;0.0;False;0.0;True;False;0.0;False;0.0;True
4.610000;227.0;False;0.0;False;0.0;True;False;0.0;False;0.0;True
4.735000;227.0;False;0.0;False;0.0;True;False;0.0;False;0.0;True
4.860000;227.0;False;0.0;False;0.0;True;False;0.0;False;0.0;True
5.000000;227.0;False;0.0;False;0.0;True;False;0.0;False;0.0;True
5.125000;217.0;False;0.0;False;0.0;True;False;0.0;False;0.0;True
5.250000;227.0;False;0.0;False;0.0;True;False;0.0;False;0.0;True
5.375000;227.0;False;0.0;False;0.0;True;False;0.0;False;0.0;True
5.500000;227.0;False;0.0;False;0.0;True;False;0.0;False;0.0;True
5.641000;227.0;False;0.0;False;0.0;True;False;0.0;False;0.0;True
5.766000;227.0;False;0.0;False;0.0;True;False;0.0;False;0.0;True
5.891000;227.0;False;0.0;False;0.0;True;False;0.0;False;0.0;True
6.000000;217.0;False;0.0;False;0.0;True;False;0.0;False;0.0;True
6.141000;227.0;False;0.0;False;0.0;True;False;0.0;False;0.0;True
6.266000;217.0;False;0.0;False;0.0;True;False;0.0;False;0.0;True
6.406000;217.0;False;0.0;False;0.0;True;False;0.0;False;0.0;True
6.531000;217.0;False;0.0;False;0.0;True;False;0.0;False;0.0;True
6.656000;227.0;False;0.0;False;0.0;True;False;0.0;False;0.0;True
6.781000;237.0;False;0.0;False;0.0;True;False;0.0;False;0.0;True
6.906000;227.0;False;0.0;False;0.0;True;False;0.0;False;0.0;True
7.016000;227.0;False;0.0;False;0.0;True;False;0.0;False;0.0;True
7.156000;227.0;False;0.0;False;0.0;True;False;0.0;False;0.0;True
7.281000;217.0;False;0.0;False;0.0;True;False;0.0;False;0.0;True
7.406000;227.0;False;0.0;False;0.0;True;False;0.0;False;0.0;True
7.531000;217.0;False;0.0;False;0.0;True;False;0.0;False;0.0;True
7.656000;237.0;False;0.0;False;0.0;True;False;0.0;False;0.0;True
7.797000;227.0;False;0.0;False;0.0;True;False;0.0;False;0.0;True
7.922000;217.0;False;0.0;False;0.0;True;False;0.0;False;0.0;True
8.063000;217.0;False;0.0;False;0.0;True;False;0.0;False;0.0;True
8.188000;227.0;False;0.0;False;0.0;True;False;0.0;False;0.0;True
8.313000;217.0;False;0.0;False;0.0;True;False;0.0;False;0.0;True
8.453000;217.0;False;0.0;False;0.0;True;False;0.0;False;0.0;True
8.578000;227.0;False;0.0;False;0.0;True;False;0.0;False;0.0;True
8.703000;217.0;False;0.0;False;0.0;True;False;0.0;False;0.0;True
8.844000;207.0;False;0.0;False;0.0;True;False;0.0;False;0.0;True
8.969000;217.0;False;0.0;False;0.0;True;False;0.0;False;0.0;True
9.110000;217.0;False;0.0;False;0.0;True;False;0.0;False;0.0;True
9.235000;227.0;False;0.0;False;0.0;True;False;0.0;False;0.0;True
9.360000;227.0;False;0.0;False;0.0;True;False;0.0;False;0.0;True
9.485000;227.0;False;0.0;False;0.0;True;False;0.0;False;0.0;True
9.625000;227.0;False;0.0;False;0.0;True;False;0.0;False;0.0;True
9.750000;217.0;False;0.0;False;0.0;True;False;0.0;False;0.0;True
9.875000;217.0;False;0.0;False;0.0;True;False;0.0;False;0.0;True
10.000000;227.0;False;0.0;False;0.0;True;False;0.0;False;0.0;True
10.125000;227.0;False;0.0;False;0.0;True;False;0.0;False;0.0;True
10.266000;217.0;False;0.0;False;0.0;True;False;0.0;False;0.0;True
10.391000;217.0;False;0.0;False;0.0;True;False;0.0;False;0.0;True
10.516000;217.0;False;0.0;False;0.0;True;False;0.0;False;0.0;True
10.641000;227.0;False;0.0;False;0.0;True;False;0.0;False;0.0;True
10.766000;217.0;False;0.0;False;0.0;True;False;0.0;False;0.0;True
10.891000;217.0;False;0.0;False;0.0;True;False;0.0;False;0.0;True
11.016000;227.0;False;0.0;False;0.0;True;False;0.0;False;0.0;True
11.156000;207.0;False;0.0;False;0.0;True;False;0.0;False;0.0;True
11.281000;227.0;False;0.0;False;0.0;True;False;0.0;False;0.0;True
11.406000;227.0;False;0.0;False;0.0;True;False;0.0;False;0.0;True
11.531000;227.0;False;0.0;False;0.0;True;False;0.0;False;0.0;True
11.656000;227.0;False;0.0;False;0.0;True;False;0.0;False;0.0;True
11.781000;227.0;False;0.0;False;0.0;True;False;0.0;False;0.0;True
11.922000;227.0;False;0.0;False;0.0;True;False;0.0;False;0.0;True
12.031000;217.0;False;0.0;False;0.0;True;False;0.0;False;0.0;True
12.156000;227.0;False;0.0;False;0.0;True;False;0.0;False;0.0;True
12.281000;227.0;False;0.0;False;0.0;True;False;0.0;False;0.0;True
12.422000;217.0;False;0.0;False;0.0;True;False;0.0;False;0.0;True
12.547000;227.0;False;0.0;False;0.0;True;False;0.0;False;0.0;True
12.672000;227.0;False;0.0;False;0.0;True;False;0.0;False;0.0;True
12.797000;217.0;False;0.0;False;0.0;True;False;0.0;False;0.0;True
12.922000;207.0;False;0.0;False;0.0;True;False;0.0;False;0.0;True
13.031000;207.0;False;0.0;False;0.0;True;False;0.0;False;0.0;True
13.156000;217.0;False;0.0;False;0.0;True;False;0.0;False;0.0;True
13.281000;217.0;False;0.0;False;0.0;True;False;0.0;False;0.0;True
13.422000;217.0;False;0.0;False;0.0;True;False;0.0;False;0.0;True
13.547000;227.0;False;0.0;False;0.0;True;False;0.0;False;0.0;True
13.672000;217.0;False;0.0;False;0.0;True;False;0.0;False;0.0;True
13.813000;217.0;False;0.0;False;0.0;True;False;0.0;False;0.0;True
13.938000;217.0;False;0.0;False;0.0;True;False;0.0;False;0.0;True
14.047000;227.0;False;0.0;False;0.0;True;False;0.0;False;0.0;True
14.172000;217.0;False;0.0;False;0.0;True;False;0.0;False;0.0;True
14.313000;227.0;False;0.0;False;0.0;True;False;0.0;False;0.0;True
14.438000;217.0;False;0.0;False;0.0;True;False;0.0;False;0.0;True
14.594000;227.0;False;0.0;False;0.0;True;False;0.0;False;0.0;True
14.719000;207.0;False;0.0;False;0.0;True;False;0.0;False;0.0;True
14.844000;227.0;False;0.0;False;0.0;True;False;0.0;False;0.0;True
14.969000;217.0;False;0.0;False;0.0;True;False;0.0;False;0.0;True
15.094000;217.0;False;0.0;False;0.0;True;False;0.0;False;0.0;True
15.219000;227.0;False;0.0;False;0.0;True;False;0.0;False;0.0;True
15.344000;217.0;False;0.0;False;0.0;True;False;0.0;False;0.0;True
15.485000;217.0;False;0.0;False;0.0;True;False;0.0;False;0.0;True
15.610000;217.0;False;0.0;False;0.0;True;False;0.0;False;0.0;True
15.750000;217.0;False;0.0;False;0.0;True;False;0.0;False;0.0;True
15.875000;217.0;False;0.0;False;0.0;True;False;0.0;False;0.0;True
16.000000;217.0;False;0.0;False;0.0;True;False;0.0;False;0.0;True
16.125000;217.0;False;0.0;False;0.0;True;False;0.0;False;0.0;True
16.250000;217.0;False;0.0;False;0.0;True;False;0.0;False;0.0;True
16.375000;227.0;False;0.0;False;0.0;True;False;0.0;False;0.0;True
16.500000;217.0;False;0.0;False;0.0;True;False;0.0;False;0.0;True
16.625000;227.0;False;0.0;False;0.0;True;False;0.0;False;0.0;True
16.766000;217.0;False;0.0;False;0.0;True;False;0.0;False;0.0;True
16.891000;227.0;False;0.0;False;0.0;True;False;0.0;False;0.0;True
17.000000;227.0;False;0.0;False;0.0;True;False;0.0;False;0.0;True
17.141000;217.0;False;0.0;False;0.0;True;False;0.0;False;0.0;True
17.266000;217.0;False;0.0;False;0.0;True;False;0.0;False;0.0;True
17.391000;217.0;False;0.0;False;0.0;True;False;0.0;False;0.0;True
17.516000;207.0;False;0.0;False;0.0;True;False;0.0;False;0.0;True
17.641000;217.0;False;0.0;False;0.0;True;False;0.0;False;0.0;True
17.781000;217.0;False;0.0;False;0.0;True;False;0.0;False;0.0;True
17.906000;217.0;False;0.0;False;0.0;True;False;0.0;False;0.0;True
18.031000;207.0;False;0.0;False;0.0;True;False;0.0;False;0.0;True
18.156000;217.0;False;0.0;False;0.0;True;False;0.0;False;0.0;True
18.281000;227.0;False;0.0;False;0.0;True;False;0.0;False;0.0;True
18.406000;227.0;False;0.0;False;0.0;True;False;0.0;False;0.0;True
18.547000;207.0;False;0.0;False;0.0;True;False;0.0;False;0.0;True
18.672000;217.0;False;0.0;False;0.0;True;False;0.0;False;0.0;True
18.797000;207.0;False;0.0;False;0.0;True;False;0.0;False;0.0;True
18.922000;217.0;False;0.0;False;0.0;True;False;0.0;False;0.0;True
19.047000;207.0;False;0.0;False;0.0;True;False;0.0;False;0.0;True
19.172000;217.0;False;0.0;False;0.0;True;False;0.0;False;0.0;True
19.297000;217.0;False;0.0;False;0.0;True;False;0.0;False;0.0;True
19.422000;217.0;False;0.0;False;0.0;True;False;0.0;False;0.0;True
19.563000;207.0;False;0.0;False;0.0;True;False;0.0;False;0.0;True
19.688000;217.0;False;0.0;False;0.0;True;False;0.0;False;0.0;True
19.813000;217.0;False;0.0;False;0.0;True;False;0.0;False;0.0;True
19.938000;207.0;False;0.0;False;0.0;True;False;0.0;False;0.0;True
20.063000;217.0;False;0.0;False;0.0;True;False;0.0;False;0.0;True
20.219000;227.0;False;0.0;False;0.0;True;False;0.0;False;0.0;True
20.344000;207.0;False;0.0;False;0.0;True;False;0.0;False;0.0;True
20.469000;217.0;False;0.0;False;0.0;True;False;0.0;False;0.0;True
20.594000;217.0;False;0.0;False;0.0;True;False;0.0;False;0.0;True
20.719000;207.0;False;0.0;False;0.0;True;False;0.0;False;0.0;True
20.844000;207.0;False;0.0;False;0.0;True;False;0.0;False;0.0;True
20.985000;207.0;False;0.0;False;0.0;True;False;0.0;False;0.0;True
21.110000;217.0;False;0.0;False;0.0;True;False;0.0;False;0.0;True
21.250000;207.0;False;0.0;False;0.0;True;False;0.0;False;0.0;True
21.391000;207.0;False;0.0;False;0.0;True;False;0.0;False;0.0;True
21.516000;217.0;False;0.0;False;0.0;True;False;0.0;False;0.0;True
21.641000;207.0;False;0.0;False;0.0;True;False;0.0;False;0.0;True
21.766000;217.0;False;0.0;False;0.0;True;False;0.0;False;0.0;True
21.906000;217.0;False;0.0;False;0.0;True;False;0.0;False;0.0;True
22.047000;217.0;False;0.0;False;0.0;True;False;0.0;False;0.0;True
22.172000;217.0;False;0.0;False;0.0;True;False;0.0;False;0.0;True
22.297000;217.0;False;0.0;False;0.0;True;False;0.0;False;0.0;True
22.422000;217.0;False;0.0;False;0.0;True;False;0.0;False;0.0;True
22.547000;217.0;False;0.0;False;0.0;True;False;0.0;False;0.0;True
22.703000;217.0;False;0.0;False;0.0;True;False;0.0;False;0.0;True
22.828000;217.0;False;0.0;False;0.0;True;False;0.0;False;0.0;True
22.953000;217.0;False;0.0;False;0.0;True;False;0.0;False;0.0;True
23.078000;217.0;False;0.0;False;0.0;True;False;0.0;False;0.0;True
23.203000;227.0;False;0.0;False;0.0;True;False;0.0;False;0.0;True
23.360000;217.0;False;0.0;False;0.0;True;False;0.0;False;0.0;True
23.485000;217.0;False;0.0;False;0.0;True;False;0.0;False;0.0;True
23.610000;227.0;False;0.0;False;0.0;True;False;0.0;False;0.0;True
23.735000;217.0;False;0.0;False;0.0;True;False;0.0;False;0.0;True
23.860000;217.0;False;0.0;False;0.0;True;False;0.0;False;0.0;True
24.000000;217.0;False;0.0;False;0.0;True;False;0.0;False;0.0;True
24.125000;217.0;False;0.0;False;0.0;True;False;0.0;False;0.0;True
24.250000;217.0;False;0.0;False;0.0;True;False;0.0;False;0.0;True
24.391000;217.0;False;0.0;False;0.0;True;False;0.0;False;0.0;True
24.516000;217.0;False;0.0;False;0.0;True;False;0.0;False;0.0;True
24.641000;217.0;False;0.0;False;0.0;True;False;0.0;False;0.0;True
24.781000;207.0;False;0.0;False;0.0;True;False;0.0;False;0.0;True
24.922000;227.0;False;0.0;False;0.0;True;False;0.0;False;0.0;True
25.047000;227.0;False;0.0;False;0.0;True;False;0.0;False;0.0;True
25.172000;227.0;False;0.0;False;0.0;True;False;0.0;False;0.0;True
25.281000;217.0;False;0.0;False;0.0;True;False;0.0;False;0.0;True
25.406000;217.0;False;0.0;False;0.0;True;False;0.0;False;0.0;True
25.547000;217.0;False;0.0;False;0.0;True;False;0.0;False;0.0;True
25.672000;227.0;False;0.0;False;0.0;True;False;0.0;False;0.0;True
25.797000;207.0;False;0.0;False;0.0;True;False;0.0;False;0.0;True
25.922000;227.0;False;0.0;False;0.0;True;False;0.0;False;0.0;True
26.047000;217.0;False;0.0;False;0.0;True;False;0.0;False;0.0;True
26.172000;227.0;False;0.0;False;0.0;True;False;0.0;False;0.0;True
26.297000;217.0;False;0.0;False;0.0;True;False;0.0;False;0.0;True
26.438000;227.0;False;0.0;False;0.0;True;False;0.0;False;0.0;True
26.563000;217.0;False;0.0;False;0.0;True;False;0.0;False;0.0;True
26.703000;227.0;False;0.0;False;0.0;True;False;0.0;False;0.0;True
26.844000;227.0;False;0.0;False;0.0;True;False;0.0;False;0.0;True
26.969000;217.0;False;0.0;False;0.0;True;False;0.0;False;0.0;True
27.078000;227.0;False;0.0;False;0.0;True;False;0.0;False;0.0;True
27.203000;217.0;False;0.0;False;0.0;True;False;0.0;False;0.0;True
27.328000;227.0;False;0.0;False;0.0;True;False;0.0;False;0.0;True
27.453000;227.0;False;0.0;False;0.0;True;False;0.0;False;0.0;True
27.578000;217.0;False;0.0;False;0.0;True;False;0.0;False;0.0;True
27.719000;227.0;False;0.0;False;0.0;True;False;0.0;False;0.0;True
27.844000;217.0;False;0.0;False;0.0;True;False;0.0;False;0.0;True
27.985000;227.0;False;0.0;False;0.0;True;False;0.0;False;0.0;True
28.094000;217.0;False;0.0;False;0.0;True;False;0.0;False;0.0;True
28.219000;217.0;False;0.0;False;0.0;True;False;0.0;False;0.0;True
28.344000;217.0;False;0.0;False;0.0;True;False;0.0;False;0.0;True
28.469000;217.0;False;0.0;False;0.0;True;False;0.0;False;0.0;True
28.625000;207.0;False;0.0;False;0.0;True;False;0.0;False;0.0;True
28.750000;217.0;False;0.0;False;0.0;True;False;0.0;False;0.0;True
28.875000;227.0;False;0.0;False;0.0;True;False;0.0;False;0.0;True
29.000000;217.0;False;0.0;False;0.0;True;False;0.0;False;0.0;True
29.125000;217.0;False;0.0;False;0.0;True;False;0.0;False;0.0;True
29.266000;227.0;False;0.0;False;0.0;True;False;0.0;False;0.0;True
29.391000;217.0;False;0.0;False;0.0;True;False;0.0;False;0.0;True
29.516000;217.0;False;0.0;False;0.0;True;False;0.0;False;0.0;True
29.641000;217.0;False;0.0;False;0.0;True;False;0.0;False;0.0;True
29.766000;217.0;False;0.0;False;0.0;True;False;0.0;False;0.0;True
29.906000;217.0;False;0.0;False;0.0;True;False;0.0;False;0.0;True
30.031000;227.0;False;0.0;False;0.0;True;False;0.0;False;0.0;True
30.156000;217.0;False;0.0;False;0.0;True;False;0.0;False;0.0;True
30.281000;217.0;False;0.0;False;0.0;True;False;0.0;False;0.0;True
30.422000;217.0;False;0.0;False;0.0;True;False;0.0;False;0.0;True
30.547000;217.0;False;0.0;False;0.0;True;False;0.0;False;0.0;True
30.688000;227.0;False;0.0;False;0.0;True;False;0.0;False;0.0;True
30.813000;227.0;False;0.0;False;0.0;True;False;0.0;False;0.0;True
30.938000;217.0;False;0.0;False;0.0;True;False;0.0;False;0.0;True
31.078000;227.0;False;0.0;False;0.0;True;False;0.0;False;0.0;True
31.188000;227.0;False;0.0;False;0.0;True;False;0.0;False;0.0;True
31.328000;217.0;False;0.0;False;0.0;True;False;0.0;False;0.0;True
31.438000;227.0;False;0.0;False;0.0;True;False;0.0;False;0.0;True
31.578000;227.0;False;0.0;False;0.0;True;False;0.0;False;0.0;True
31.703000;217.0;False;0.0;False;0.0;True;False;0.0;False;0.0;True
31.828000;227.0;False;0.0;False;0.0;True;False;0.0;False;0.0;True
31.938000;227.0;False;0.0;False;0.0;True;False;0.0;False;0.0;True
32.047000;227.0;False;0.0;False;0.0;True;False;0.0;False;0.0;True
32.188000;217.0;False;0.0;False;0.0;True;False;0.0;False;0.0;True
32.313000;237.0;False;0.0;False;0.0;True;False;0.0;False;0.0;True
32.438000;237.0;False;0.0;False;0.0;True;False;0.0;False;0.0;True
32.563000;237.0;False;0.0;False;0.0;True;False;0.0;False;0.0;True
32.688000;227.0;False;0.0;False;0.0;True;False;0.0;False;0.0;True
32.813000;247.0;False;0.0;False;0.0;True;False;0.0;False;0.0;True
32.969000;217.0;False;0.0;False;0.0;True;False;0.0;False;0.0;True
33.078000;217.0;False;0.0;False;0.0;True;False;0.0;False;0.0;True
33.219000;217.0;False;0.0;False;0.0;True;False;0.0;False;0.0;True
33.344000;227.0;False;0.0;False;0.0;True;False;0.0;False;0.0;True
33.469000;227.0;False;0.0;False;0.0;True;False;0.0;False;0.0;True
33.594000;217.0;False;0.0;False;0.0;True;False;0.0;False;0.0;True
33.719000;227.0;False;0.0;False;0.0;True;False;0.0;False;0.0;True
33.860000;237.0;False;0.0;False;0.0;True;False;0.0;False;0.0;True
34.000000;227.0;False;0.0;False;0.0;True;False;0.0;False;0.0;True
34.125000;227.0;False;0.0;False;0.0;True;False;0.0;False;0.0;True
34.250000;227.0;False;0.0;False;0.0;True;False;0.0;False;0.0;True
34.375000;227.0;False;0.0;False;0.0;True;False;0.0;False;0.0;True
34.531000;237.0;False;0.0;False;0.0;True;False;0.0;False;0.0;True
34.656000;237.0;False;0.0;False;0.0;True;False;0.0;False;0.0;True
34.781000;227.0;False;0.0;False;0.0;True;False;0.0;False;0.0;True
34.906000;237.0;False;0.0;False;0.0;True;False;0.0;False;0.0;True
35.031000;227.0;False;0.0;False;0.0;True;False;0.0;False;0.0;True
35.172000;227.0;False;0.0;False;0.0;True;False;0.0;False;0.0;True
35.313000;227.0;False;0.0;False;0.0;True;False;0.0;False;0.0;True
35.438000;237.0;False;0.0;False;0.0;True;False;0.0;False;0.0;True
35.563000;227.0;False;0.0;False;0.0;True;False;0.0;False;0.0;True
35.688000;227.0;False;0.0;False;0.0;True;False;0.0;False;0.0;True
35.844000;237.0;False;0.0;False;0.0;True;False;0.0;False;0.0;True
35.969000;237.0;False;0.0;False;0.0;True;False;0.0;False;0.0;True
36.094000;227.0;False;0.0;False;0.0;True;False;0.0;False;0.0;True
36.219000;217.0;False;0.0;False;0.0;True;False;0.0;False;0.0;True
36.344000;237.0;False;0.0;False;0.0;True;False;0.0;False;0.0;True
36.469000;227.0;False;0.0;False;0.0;True;False;0.0;False;0.0;True
36.594000;227.0;False;0.0;False;0.0;True;False;0.0;False;0.0;True
36.735000;237.0;False;0.0;False;0.0;True;False;0.0;False;0.0;True
36.860000;227.0;False;0.0;False;0.0;True;False;0.0;False;0.0;True
37.000000;237.0;False;0.0;False;0.0;True;False;0.0;False;0.0;True
37.125000;227.0;False;0.0;False;0.0;True;False;0.0;False;0.0;True
37.250000;227.0;False;0.0;False;0.0;True;False;0.0;False;0.0;True
37.391000;227.0;False;0.0;False;0.0;True;False;0.0;False;0.0;True
37.516000;227.0;False;0.0;False;0.0;True;False;0.0;False;0.0;True
37.625000;227.0;False;0.0;False;0.0;True;False;0.0;False;0.0;True
37.750000;227.0;False;0.0;False;0.0;True;False;0.0;False;0.0;True
37.875000;227.0;False;0.0;False;0.0;True;False;0.0;False;0.0;True
38.000000;227.0;False;0.0;False;0.0;True;False;0.0;False;0.0;True
38.141000;227.0;False;0.0;False;0.0;True;False;0.0;False;0.0;True
38.266000;227.0;False;0.0;False;0.0;True;False;0.0;False;0.0;True
38.391000;227.0;False;0.0;False;0.0;True;False;0.0;False;0.0;True
38.516000;217.0;False;0.0;False;0.0;True;False;0.0;False;0.0;True
38.641000;227.0;False;0.0;False;0.0;True;False;0.0;False;0.0;True
38.781000;227.0;False;0.0;False;0.0;True;False;0.0;False;0.0;True
38.906000;227.0;False;0.0;False;0.0;True;False;0.0;False;0.0;True
39.031000;237.0;False;0.0;False;0.0;True;False;0.0;False;0.0;True
39.156000;227.0;False;0.0;False;0.0;True;False;0.0;False;0.0;True
39.281000;227.0;False;0.0;False;0.0;True;False;0.0;False;0.0;True
39.406000;227.0;False;0.0;False;0.0;True;False;0.0;False;0.0;True
39.531000;227.0;False;0.0;False;0.0;True;False;0.0;False;0.0;True
39.656000;227.0;False;0.0;False;0.0;True;False;0.0;False;0.0;True
39.781000;237.0;False;0.0;False;0.0;True;False;0.0;False;0.0;True
39.891000;227.0;False;0.0;False;0.0;True;False;0.0;False;0.0;True
40.031000;217.0;False;0.0;False;0.0;True;False;0.0;False;0.0;True
40.141000;227.0;False;0.0;False;0.0;True;False;0.0;False;0.0;True
40.266000;217.0;False;0.0;False;0.0;True;False;0.0;False;0.0;True
40.391000;217.0;False;0.0;False;0.0;True;False;0.0;False;0.0;True
40.641000;227.0;False;0.0;False;0.0;True;False;0.0;False;0.0;True
40.828000;217.0;False;0.0;False;0.0;True;False;0.0;False;0.0;True
40.969000;227.0;False;0.0;False;0.0;True;False;0.0;False;0.0;True
41.094000;227.0;False;0.0;False;0.0;True;False;0.0;False;0.0;True
41.250000;227.0;False;0.0;False;0.0;True;False;0.0;False;0.0;True
41.391000;227.0;False;0.0;False;0.0;True;False;0.0;False;0.0;True
41.516000;227.0;False;0.0;False;0.0;True;False;0.0;False;0.0;True
41.641000;227.0;False;0.0;False;0.0;True;False;0.0;False;0.0;True
41.766000;227.0;False;0.0;False;0.0;True;False;0.0;False;0.0;True
41.891000;217.0;False;0.0;False;0.0;True;False;0.0;False;0.0;True
42.047000;217.0;False;0.0;False;0.0;True;False;0.0;False;0.0;True
42.156000;227.0;False;0.0;False;0.0;True;False;0.0;False;0.0;True
42.281000;217.0;False;0.0;False;0.0;True;False;0.0;False;0.0;True
42.391000;227.0;False;0.0;False;0.0;True;False;0.0;False;0.0;True
42.516000;217.0;False;0.0;False;0.0;True;False;0.0;False;0.0;True
42.656000;217.0;False;0.0;False;0.0;True;False;0.0;False;0.0;True
42.781000;217.0;False;0.0;False;0.0;True;False;0.0;False;0.0;True
42.906000;227.0;False;0.0;False;0.0;True;False;0.0;False;0.0;True
43.031000;217.0;False;0.0;False;0.0;True;False;0.0;False;0.0;True
43.156000;227.0;False;0.0;False;0.0;True;False;0.0;False;0.0;True
43.297000;227.0;False;0.0;False;0.0;True;False;0.0;False;0.0;True
43.422000;227.0;False;0.0;False;0.0;True;False;0.0;False;0.0;True
43.547000;227.0;False;0.0;False;0.0;True;False;0.0;False;0.0;True
43.672000;227.0;False;0.0;False;0.0;True;False;0.0;False;0.0;True
43.813000;227.0;False;0.0;False;0.0;True;False;0.0;False;0.0;True
43.938000;227.0;False;0.0;False;0.0;True;False;0.0;False;0.0;True
44.078000;227.0;False;0.0;False;0.0;True;False;0.0;False;0.0;True
44.203000;227.0;False;0.0;False;0.0;True;False;0.0;False;0.0;True
44.328000;227.0;False;0.0;False;0.0;True;False;0.0;False;0.0;True
44.453000;227.0;False;0.0;False;0.0;True;False;0.0;False;0.0;True
44.578000;217.0;False;0.0;False;0.0;True;False;0.0;False;0.0;True
44.703000;217.0;False;0.0;False;0.0;True;False;0.0;False;0.0;True
44.860000;217.0;False;0.0;False;0.0;True;False;0.0;False;0.0;True
44.985000;217.0;False;0.0;False;0.0;True;False;0.0;False;0.0;True
45.110000;227.0;False;0.0;False;0.0;True;False;0.0;False;0.0;True
45.235000;217.0;False;0.0;False;0.0;True;False;0.0;False;0.0;True
45.375000;227.0;False;0.0;False;0.0;True;False;0.0;False;0.0;True
45.516000;217.0;False;0.0;False;0.0;True;False;0.0;False;0.0;True
45.641000;217.0;False;0.0;False;0.0;True;False;0.0;False;0.0;True
45.766000;227.0;False;0.0;False;0.0;True;False;0.0;False;0.0;True
45.891000;217.0;False;0.0;False;0.0;True;False;0.0;False;0.0;True
46.031000;207.0;False;0.0;False;0.0;True;False;0.0;False;0.0;True
46.156000;217.0;False;0.0;False;0.0;True;False;0.0;False;0.0;True
46.266000;207.0;False;0.0;False;0.0;True;False;0.0;False;0.0;True
46.422000;217.0;False;0.0;False;0.0;True;False;0.0;False;0.0;True
46.531000;217.0;False;0.0;False;0.0;True;False;0.0;False;0.0;True
46.656000;227.0;False;0.0;False;0.0;True;False;0.0;False;0.0;True
46.781000;217.0;False;0.0;False;0.0;True;False;0.0;False;0.0;True
46.906000;217.0;False;0.0;False;0.0;True;False;0.0;False;0.0;True
47.063000;217.0;False;0.0;False;0.0;True;False;0.0;False;0.0;True
47.172000;207.0;False;0.0;False;0.0;True;False;0.0;False;0.0;True
47.297000;227.0;False;0.0;False;0.0;True;False;0.0;False;0.0;True
47.422000;217.0;False;0.0;False;0.0;True;False;0.0;False;0.0;True
47.547000;217.0;False;0.0;False;0.0;True;False;0.0;False;0.0;True
47.672000;217.0;False;0.0;False;0.0;True;False;0.0;False;0.0;True
47.828000;217.0;False;0.0;False;0.0;True;False;0.0;False;0.0;True
47.969000;217.0;False;0.0;False;0.0;True;False;0.0;False;0.0;True
48.094000;207.0;False;0.0;False;0.0;True;False;0.0;False;0.0;True
48.235000;217.0;False;0.0;False;0.0;True;False;0.0;False;0.0;True
48.360000;217.0;False;0.0;False;0.0;True;False;0.0;False;0.0;True
48.500000;217.0;False;0.0;False;0.0;True;False;0.0;False;0.0;True
48.625000;207.0;False;0.0;False;0.0;True;False;0.0;False;0.0;True
48.750000;227.0;False;0.0;False;0.0;True;False;0.0;False;0.0;True
48.875000;227.0;False;0.0;False;0.0;True;False;0.0;False;0.0;True
49.000000;217.0;False;0.0;False;0.0;True;False;0.0;False;0.0;True
49.141000;217.0;False;0.0;False;0.0;True;False;0.0;False;0.0;True
49.281000;217.0;False;0.0;False;0.0;True;False;0.0;False;0.0;True
49.406000;217.0;False;0.0;False;0.0;True;False;0.0;False;0.0;True
49.531000;227.0;False;0.0;False;0.0;True;False;0.0;False;0.0;True
49.656000;217.0;False;0.0;False;0.0;True;False;0.0;False;0.0;True
49.797000;227.0;False;0.0;False;0.0;True;False;0.0;False;0.0;True
49.938000;217.0;False;0.0;False;0.0;True;False;0.0;False;0.0;True
50.063000;217.0;False;0.0;False;0.0;True;False;0.0;False;0.0;True
50.172000;207.0;False;0.0;False;0.0;True;False;0.0;False;0.0;True
50.313000;217.0;False;0.0;False;0.0;True;False;0.0;False;0.0;True
50.453000;217.0;False;0.0;False;0.0;True;False;0.0;False;0.0;True
50.578000;217.0;False;0.0;False;0.0;True;False;0.0;False;0.0;True
50.703000;217.0;False;0.0;False;0.0;True;False;0.0;False;0.0;True
50.828000;227.0;False;0.0;False;0.0;True;False;0.0;False;0.0;True
50.969000;217.0;False;0.0;False;0.0;True;False;0.0;False;0.0;True
51.110000;217.0;False;0.0;False;0.0;True;False;0.0;False;0.0;True
51.235000;227.0;False;0.0;False;0.0;True;False;0.0;False;0.0;True
51.360000;217.0;False;0.0;False;0.0;True;False;0.0;False;0.0;True
51.485000;217.0;False;0.0;False;0.0;True;False;0.0;False;0.0;True
51.625000;217.0;False;0.0;False;0.0;True;False;0.0;False;0.0;True
51.750000;217.0;False;0.0;False;0.0;True;False;0.0;False;0.0;True
51.875000;217.0;False;0.0;False;0.0;True;False;0.0;False;0.0;True
52.000000;217.0;False;0.0;False;0.0;True;False;0.0;False;0.0;True
52.125000;217.0;False;0.0;False;0.0;True;False;0.0;False;0.0;True
52.266000;227.0;False;0.0;False;0.0;True;False;0.0;False;0.0;True
52.391000;217.0;False;0.0;False;0.0;True;False;0.0;False;0.0;True
52.516000;217.0;False;0.0;False;0.0;True;False;0.0;False;0.0;True
52.641000;217.0;False;0.0;False;0.0;True;False;0.0;False;0.0;True
52.766000;217.0;False;0.0;False;0.0;True;False;0.0;False;0.0;True
52.906000;227.0;False;0.0;False;0.0;True;False;0.0;False;0.0;True
53.047000;227.0;False;0.0;False;0.0;True;False;0.0;False;0.0;True
53.172000;227.0;False;0.0;False;0.0;True;False;0.0;False;0.0;True
53.297000;217.0;False;0.0;False;0.0;True;False;0.0;False;0.0;True
53.422000;227.0;False;0.0;False;0.0;True;False;0.0;False;0.0;True
53.547000;217.0;False;0.0;False;0.0;True;False;0.0;False;0.0;True
53.672000;217.0;False;0.0;False;0.0;True;False;0.0;False;0.0;True
53.813000;227.0;False;0.0;False;0.0;True;False;0.0;False;0.0;True
53.938000;217.0;False;0.0;False;0.0;True;False;0.0;False;0.0;True
54.063000;227.0;False;0.0;False;0.0;True;False;0.0;False;0.0;True
54.188000;207.0;False;0.0;False;0.0;True;False;0.0;False;0.0;True
54.313000;217.0;False;0.0;False;0.0;True;False;0.0;False;0.0;True
54.453000;217.0;False;0.0;False;0.0;True;False;0.0;False;0.0;True
54.578000;217.0;False;0.0;False;0.0;True;False;0.0;False;0.0;True
54.703000;217.0;False;0.0;False;0.0;True;False;0.0;False;0.0;True
54.828000;217.0;False;0.0;False;0.0;True;False;0.0;False;0.0;True
54.953000;207.0;False;0.0;False;0.0;True;False;0.0;False;0.0;True
55.094000;217.0;False;0.0;False;0.0;True;False;0.0;False;0.0;True
55.203000;217.0;False;0.0;False;0.0;True;False;0.0;False;0.0;True
55.344000;217.0;False;0.0;False;0.0;True;False;0.0;False;0.0;True
55.469000;227.0;False;0.0;False;0.0;True;False;0.0;False;0.0;True
55.594000;217.0;False;0.0;False;0.0;True;False;0.0;False;0.0;True
55.719000;217.0;False;0.0;False;0.0;True;False;0.0;False;0.0;True
55.860000;217.0;False;0.0;False;0.0;True;False;0.0;False;0.0;True
55.985000;217.0;False;0.0;False;0.0;True;False;0.0;False;0.0;True
56.110000;217.0;False;0.0;False;0.0;True;False;0.0;False;0.0;True
56.235000;217.0;False;0.0;False;0.0;True;False;0.0;False;0.0;True
56.360000;227.0;False;0.0;False;0.0;True;False;0.0;False;0.0;True
56.500000;217.0;False;0.0;False;0.0;True;False;0.0;False;0.0;True
56.625000;237.0;False;0.0;False;0.0;True;False;0.0;False;0.0;True
56.750000;217.0;False;0.0;False;0.0;True;False;0.0;False;0.0;True
56.860000;227.0;False;0.0;False;0.0;True;False;0.0;False;0.0;True
56.985000;227.0;False;0.0;False;0.0;True;False;0.0;False;0.0;True
57.110000;217.0;False;0.0;False;0.0;True;False;0.0;False;0.0;True
57.219000;217.0;False;0.0;False;0.0;True;False;0.0;False;0.0;True
57.360000;217.0;False;0.0;False;0.0;True;False;0.0;False;0.0;True
57.485000;217.0;False;0.0;False;0.0;True;False;0.0;False;0.0;True
57.625000;217.0;False;0.0;False;0.0;True;False;0.0;False;0.0;True
57.750000;207.0;False;0.0;False;0.0;True;False;0.0;False;0.0;True
57.891000;217.0;False;0.0;False;0.0;True;False;0.0;False;0.0;True
58.016000;217.0;False;0.0;False;0.0;True;False;0.0;False;0.0;True
58.141000;227.0;False;0.0;False;0.0;True;False;0.0;False;0.0;True
58.281000;217.0;False;0.0;False;0.0;True;False;0.0;False;0.0;True
58.406000;217.0;False;0.0;False;0.0;True;False;0.0;False;0.0;True
58.547000;217.0;False;0.0;False;0.0;True;False;0.0;False;0.0;True
58.688000;217.0;False;0.0;False;0.0;True;False;0.0;False;0.0;True
58.813000;217.0;False;0.0;False;0.0;True;False;0.0;False;0.0;True
58.938000;217.0;False;0.0;False;0.0;True;False;0.0;False;0.0;True
59.063000;217.0;False;0.0;False;0.0;True;False;0.0;False;0.0;True
59.188000;217.0;False;0.0;False;0.0;True;False;0.0;False;0.0;True
59.344000;217.0;False;0.0;False;0.0;True;False;0.0;False;0.0;True
59.485000;227.0;False;0.0;False;0.0;True;False;0.0;False;0.0;True
59.610000;227.0;False;0.0;False;0.0;True;False;0.0;False;0.0;True
59.735000;227.0;False;0.0;False;0.0;True;False;0.0;False;0.0;True
59.875000;217.0;False;0.0;False;0.0;True;False;0.0;False;0.0;True
60.016000;217.0;False;0.0;False;0.0;True;False;0.0;False;0.0;True
60.141000;217.0;False;0.0;False;0.0;True;False;0.0;False;0.0;True
60.266000;217.0;False;0.0;False;0.0;True;False;0.0;False;0.0;True
60.391000;217.0;False;0.0;False;0.0;True;False;0.0;False;0.0;True
60.516000;207.0;False;0.0;False;0.0;True;False;0.0;False;0.0;True
60.641000;207.0;False;0.0;False;0.0;True;False;0.0;False;0.0;True
60.781000;217.0;False;0.0;False;0.0;True;False;0.0;False;0.0;True
60.906000;227.0;False;0.0;False;0.0;True;False;0.0;False;0.0;True
61.031000;217.0;False;0.0;False;0.0;True;False;0.0;False;0.0;True
61.156000;217.0;False;0.0;False;0.0;True;False;0.0;False;0.0;True
61.281000;227.0;False;0.0;False;0.0;True;False;0.0;False;0.0;True
61.422000;217.0;False;0.0;False;0.0;True;False;0.0;False;0.0;True
61.547000;207.0;False;0.0;False;0.0;True;False;0.0;False;0.0;True
61.672000;217.0;False;0.0;False;0.0;True;False;0.0;False;0.0;True
61.797000;207.0;False;0.0;False;0.0;True;False;0.0;False;0.0;True
61.922000;217.0;False;0.0;False;0.0;True;False;0.0;False;0.0;True
62.047000;207.0;False;0.0;False;0.0;True;False;0.0;False;0.0;True
62.188000;217.0;False;0.0;False;0.0;True;False;0.0;False;0.0;True
62.313000;207.0;False;0.0;False;0.0;True;False;0.0;False;0.0;True
62.453000;217.0;False;0.0;False;0.0;True;False;0.0;False;0.0;True
62.578000;217.0;False;0.0;False;0.0;True;False;0.0;False;0.0;True
62.719000;217.0;False;0.0;False;0.0;True;False;0.0;False;0.0;True
62.844000;207.0;False;0.0;False;0.0;True;False;0.0;False;0.0;True
62.985000;217.0;False;0.0;False;0.0;True;False;0.0;False;0.0;True
63.110000;217.0;False;0.0;False;0.0;True;False;0.0;False;0.0;True
63.235000;207.0;False;0.0;False;0.0;True;False;0.0;False;0.0;True
63.375000;217.0;False;0.0;False;0.0;True;False;0.0;False;0.0;True
63.516000;217.0;False;0.0;False;0.0;True;False;0.0;False;0.0;True
63.641000;217.0;False;0.0;False;0.0;True;False;0.0;False;0.0;True
63.766000;217.0;False;0.0;False;0.0;True;False;0.0;False;0.0;True
63.906000;227.0;False;0.0;False;0.0;True;False;0.0;False;0.0;True
64.047000;217.0;False;0.0;False;0.0;True;False;0.0;False;0.0;True
64.172000;227.0;False;0.0;False;0.0;True;False;0.0;False;0.0;True
64.313000;227.0;False;0.0;False;0.0;True;False;0.0;False;0.0;True
64.438000;227.0;False;0.0;False;0.0;True;False;0.0;False;0.0;True
64.563000;217.0;False;0.0;False;0.0;True;False;0.0;False;0.0;True
64.688000;217.0;False;0.0;False;0.0;True;False;0.0;False;0.0;True
64.813000;217.0;False;0.0;False;0.0;True;False;0.0;False;0.0;True
64.953000;227.0;False;0.0;False;0.0;True;False;0.0;False;0.0;True
65.094000;217.0;False;0.0;False;0.0;True;False;0.0;False;0.0;True
65.219000;217.0;False;0.0;False;0.0;True;False;0.0;False;0.0;True
65.344000;207.0;False;0.0;False;0.0;True;False;0.0;False;0.0;True
65.469000;217.0;False;0.0;False;0.0;True;False;0.0;False;0.0;True
65.594000;227.0;False;0.0;False;0.0;True;False;0.0;False;0.0;True
65.719000;227.0;False;0.0;False;0.0;True;False;0.0;False;0.0;True
65.860000;227.0;False;0.0;False;0.0;True;False;0.0;False;0.0;True
66.000000;207.0;False;0.0;False;0.0;True;False;0.0;False;0.0;True
66.141000;227.0;False;0.0;False;0.0;True;False;0.0;False;0.0;True
66.266000;217.0;False;0.0;False;0.0;True;False;0.0;False;0.0;True
66.391000;217.0;False;0.0;False;0.0;True;False;0.0;False;0.0;True
66.531000;217.0;False;0.0;False;0.0;True;False;0.0;False;0.0;True
66.672000;227.0;False;0.0;False;0.0;True;False;0.0;False;0.0;True
66.797000;217.0;False;0.0;False;0.0;True;False;0.0;False;0.0;True
66.922000;217.0;False;0.0;False;0.0;True;False;0.0;False;0.0;True
67.047000;237.0;False;0.0;False;0.0;True;False;0.0;False;0.0;True
67.172000;217.0;False;0.0;False;0.0;True;False;0.0;False;0.0;True
67.297000;227.0;False;0.0;False;0.0;True;False;0.0;False;0.0;True
67.453000;217.0;False;0.0;False;0.0;True;False;0.0;False;0.0;True
67.578000;217.0;False;0.0;False;0.0;True;False;0.0;False;0.0;True
67.703000;227.0;False;0.0;False;0.0;True;False;0.0;False;0.0;True
67.828000;217.0;False;0.0;False;0.0;True;False;0.0;False;0.0;True
67.953000;227.0;False;0.0;False;0.0;True;False;0.0;False;0.0;True
68.094000;227.0;False;0.0;False;0.0;True;False;0.0;False;0.0;True
68.203000;227.0;False;0.0;False;0.0;True;False;0.0;False;0.0;True
68.328000;227.0;False;0.0;False;0.0;True;False;0.0;False;0.0;True
68.453000;217.0;False;0.0;False;0.0;True;False;0.0;False;0.0;True
68.578000;227.0;False;0.0;False;0.0;True;False;0.0;False;0.0;True
68.735000;217.0;False;0.0;False;0.0;True;False;0.0;False;0.0;True
68.860000;217.0;False;0.0;False;0.0;True;False;0.0;False;0.0;True
69.000000;217.0;False;0.0;False;0.0;True;False;0.0;False;0.0;True
69.125000;217.0;False;0.0;False;0.0;True;False;0.0;False;0.0;True
69.250000;217.0;False;0.0;False;0.0;True;False;0.0;False;0.0;True
69.391000;217.0;False;0.0;False;0.0;True;False;0.0;False;0.0;True
69.531000;217.0;False;0.0;False;0.0;True;False;0.0;False;0.0;True
69.656000;217.0;False;0.0;False;0.0;True;False;0.0;False;0.0;True
69.781000;207.0;False;0.0;False;0.0;True;False;0.0;False;0.0;True
69.922000;207.0;False;0.0;False;0.0;True;False;0.0;False;0.0;True
70.047000;207.0;False;0.0;False;0.0;True;False;0.0;False;0.0;True
70.172000;207.0;False;0.0;False;0.0;True;False;0.0;False;0.0;True
70.297000;207.0;False;0.0;False;0.0;True;False;0.0;False;0.0;True
70.438000;227.0;False;0.0;False;0.0;True;False;0.0;False;0.0;True
70.578000;217.0;False;0.0;False;0.0;True;False;0.0;False;0.0;True
70.703000;217.0;False;0.0;False;0.0;True;False;0.0;False;0.0;True
70.828000;207.0;False;0.0;False;0.0;True;False;0.0;False;0.0;True
70.953000;207.0;False;0.0;False;0.0;True;False;0.0;False;0.0;True
71.078000;207.0;False;0.0;False;0.0;True;False;0.0;False;0.0;True
71.203000;207.0;False;0.0;False;0.0;True;False;0.0;False;0.0;True
71.328000;207.0;False;0.0;False;0.0;True;False;0.0;False;0.0;True
71.453000;217.0;False;0.0;False;0.0;True;False;0.0;False;0.0;True
71.594000;207.0;False;0.0;False;0.0;True;False;0.0;False;0.0;True
71.719000;207.0;False;0.0;False;0.0;True;False;0.0;False;0.0;True
71.844000;207.0;False;0.0;False;0.0;True;False;0.0;False;0.0;True
71.985000;217.0;False;0.0;False;0.0;True;False;0.0;False;0.0;True
72.110000;217.0;False;0.0;False;0.0;True;False;0.0;False;0.0;True
72.250000;207.0;False;0.0;False;0.0;True;False;0.0;False;0.0;True
72.375000;207.0;False;0.0;False;0.0;True;False;0.0;False;0.0;True
72.500000;207.0;False;0.0;False;0.0;True;False;0.0;False;0.0;True
72.641000;207.0;False;0.0;False;0.0;True;False;0.0;False;0.0;True
72.766000;207.0;False;0.0;False;0.0;True;False;0.0;False;0.0;True
72.891000;207.0;False;0.0;False;0.0;True;False;0.0;False;0.0;True
73.016000;196.0;False;0.0;False;0.0;True;False;0.0;False;0.0;True
73.156000;207.0;False;0.0;False;0.0;True;False;0.0;False;0.0;True
73.281000;207.0;False;0.0;False;0.0;True;False;0.0;False;0.0;True
73.438000;196.0;False;0.0;False;0.0;True;False;0.0;False;0.0;True
73.563000;207.0;False;0.0;False;0.0;True;False;0.0;False;0.0;True
73.688000;207.0;False;0.0;False;0.0;True;False;0.0;False;0.0;True
73.813000;207.0;False;0.0;False;0.0;True;False;0.0;False;0.0;True
73.953000;207.0;False;0.0;False;0.0;True;False;0.0;False;0.0;True
74.094000;207.0;False;0.0;False;0.0;True;False;0.0;False;0.0;True
74.203000;207.0;False;0.0;False;0.0;True;False;0.0;False;0.0;True
74.328000;207.0;False;0.0;False;0.0;True;False;0.0;False;0.0;True
74.453000;207.0;False;0.0;False;0.0;True;False;0.0;False;0.0;True
74.578000;207.0;False;0.0;False;0.0;True;False;0.0;False;0.0;True
74.719000;207.0;False;0.0;False;0.0;True;False;0.0;False;0.0;True
74.844000;217.0;False;0.0;False;0.0;True;False;0.0;False;0.0;True
74.969000;207.0;False;0.0;False;0.0;True;False;0.0;False;0.0;True
