"Category","Name","Passed","Blocking","Details"
"Project","Working-copy folder name","True","True","mestrado_guilherme_watchdog_v2_20260403-021715"
"Project","Timestamped backup folder","True","True","Found 2 matching folder(s)."
"Project","Single .apj project file","True","True","Found 1 .apj file(s)."
"Variables","Single watchdog variable file","True","True","Found 1 matching file(s)."
"Variables","Nivel : INT","True","True","C:\projects\mestrado_guilherme_watchdog_v2_20260403-021715\PLANTA_LCPIC\Logical\Program\Variables.var"
"Variables","Enable : BOOL","True","True","C:\projects\mestrado_guilherme_watchdog_v2_20260403-021715\PLANTA_LCPIC\Logical\Program\Variables.var"
"Variables","DAC : INT","True","True","C:\projects\mestrado_guilherme_watchdog_v2_20260403-021715\PLANTA_LCPIC\Logical\Program\Variables.var"
"Variables","Heartbeat : UDINT","True","True","C:\projects\mestrado_guilherme_watchdog_v2_20260403-021715\PLANTA_LCPIC\Logical\Program\Variables.var"
"Variables","SafetyReset : BOOL","True","True","C:\projects\mestrado_guilherme_watchdog_v2_20260403-021715\PLANTA_LCPIC\Logical\Program\Variables.var"
"Variables","EnableOut : BOOL","True","True","C:\projects\mestrado_guilherme_watchdog_v2_20260403-021715\PLANTA_LCPIC\Logical\Program\Variables.var"
"Variables","DACOut : INT","True","True","C:\projects\mestrado_guilherme_watchdog_v2_20260403-021715\PLANTA_LCPIC\Logical\Program\Variables.var"
"Variables","WatchdogHealthy : BOOL","True","True","C:\projects\mestrado_guilherme_watchdog_v2_20260403-021715\PLANTA_LCPIC\Logical\Program\Variables.var"
"Variables","WatchdogTripped : BOOL","True","True","C:\projects\mestrado_guilherme_watchdog_v2_20260403-021715\PLANTA_LCPIC\Logical\Program\Variables.var"
"Variables","AppliedEnable : BOOL","True","True","C:\projects\mestrado_guilherme_watchdog_v2_20260403-021715\PLANTA_LCPIC\Logical\Program\Variables.var"
"Variables","AppliedDAC : INT","True","True","C:\projects\mestrado_guilherme_watchdog_v2_20260403-021715\PLANTA_LCPIC\Logical\Program\Variables.var"
"Variables","WdTimer : TON","True","True","C:\projects\mestrado_guilherme_watchdog_v2_20260403-021715\PLANTA_LCPIC\Logical\Program\Variables.var"
"Logic","INIT marker","True","True","Found 1 matching file(s)."
"Logic","INIT contains Enable\s*:=\s*FALSE\s*;","True","True","C:\projects\mestrado_guilherme_watchdog_v2_20260403-021715\PLANTA_LCPIC\Logical\Program\Init.st"
"Logic","INIT contains DAC\s*:=\s*0\s*;","True","True","C:\projects\mestrado_guilherme_watchdog_v2_20260403-021715\PLANTA_LCPIC\Logical\Program\Init.st"
"Logic","INIT contains EnableOut\s*:=\s*FALSE\s*;","True","True","C:\projects\mestrado_guilherme_watchdog_v2_20260403-021715\PLANTA_LCPIC\Logical\Program\Init.st"
"Logic","INIT contains DACOut\s*:=\s*0\s*;","True","True","C:\projects\mestrado_guilherme_watchdog_v2_20260403-021715\PLANTA_LCPIC\Logical\Program\Init.st"
"Logic","INIT contains WdTripLatched\s*:=\s*TRUE\s*;","True","True","C:\projects\mestrado_guilherme_watchdog_v2_20260403-021715\PLANTA_LCPIC\Logical\Program\Init.st"
"Logic","CYCLIC marker","True","True","Found 1 matching file(s)."
"Logic","CYCLIC contains Heartbeat\s*<>\s*WdHeartbeatLast","True","True","C:\projects\mestrado_guilherme_watchdog_v2_20260403-021715\PLANTA_LCPIC\Logical\Program\Cyclic.st"
"Logic","CYCLIC contains WdTimer\s*\(","True","True","C:\projects\mestrado_guilherme_watchdog_v2_20260403-021715\PLANTA_LCPIC\Logical\Program\Cyclic.st"
"Logic","CYCLIC contains PT\s*:=\s*T#1s","True","True","C:\projects\mestrado_guilherme_watchdog_v2_20260403-021715\PLANTA_LCPIC\Logical\Program\Cyclic.st"
"Logic","CYCLIC contains WdTripLatched\s*:=\s*TRUE\s*;","True","True","C:\projects\mestrado_guilherme_watchdog_v2_20260403-021715\PLANTA_LCPIC\Logical\Program\Cyclic.st"
"Logic","CYCLIC contains WatchdogHealthy\s*:=","True","True","C:\projects\mestrado_guilherme_watchdog_v2_20260403-021715\PLANTA_LCPIC\Logical\Program\Cyclic.st"
"Logic","CYCLIC contains AppliedEnable\s*:=\s*FALSE\s*;","True","True","C:\projects\mestrado_guilherme_watchdog_v2_20260403-021715\PLANTA_LCPIC\Logical\Program\Cyclic.st"
"Logic","CYCLIC contains AppliedDAC\s*:=\s*0\s*;","True","True","C:\projects\mestrado_guilherme_watchdog_v2_20260403-021715\PLANTA_LCPIC\Logical\Program\Cyclic.st"
"Logic","CYCLIC contains EnableOut\s*:=\s*AppliedEnable\s*;","True","True","C:\projects\mestrado_guilherme_watchdog_v2_20260403-021715\PLANTA_LCPIC\Logical\Program\Cyclic.st"
"Logic","CYCLIC contains DACOut\s*:=\s*AppliedDAC\s*;","True","True","C:\projects\mestrado_guilherme_watchdog_v2_20260403-021715\PLANTA_LCPIC\Logical\Program\Cyclic.st"
"Logic","EXIT marker","True","True","Found 1 matching file(s)."
"Logic","EXIT contains Enable\s*:=\s*FALSE\s*;","True","True","C:\projects\mestrado_guilherme_watchdog_v2_20260403-021715\PLANTA_LCPIC\Logical\Program\Exit.st"
"Logic","EXIT contains DAC\s*:=\s*0\s*;","True","True","C:\projects\mestrado_guilherme_watchdog_v2_20260403-021715\PLANTA_LCPIC\Logical\Program\Exit.st"
"Logic","EXIT contains EnableOut\s*:=\s*FALSE\s*;","True","True","C:\projects\mestrado_guilherme_watchdog_v2_20260403-021715\PLANTA_LCPIC\Logical\Program\Exit.st"
"Logic","EXIT contains DACOut\s*:=\s*0\s*;","True","True","C:\projects\mestrado_guilherme_watchdog_v2_20260403-021715\PLANTA_LCPIC\Logical\Program\Exit.st"
"Logic","EXIT contains WdTripLatched\s*:=\s*TRUE\s*;","True","True","C:\projects\mestrado_guilherme_watchdog_v2_20260403-021715\PLANTA_LCPIC\Logical\Program\Exit.st"
"I/O Mapping","Single relevant IoMap.iom","True","True","Found 1 relevant file(s)."
"I/O Mapping","Nivel input mapping preserved","True","True","C:\projects\mestrado_guilherme_watchdog_v2_20260403-021715\PLANTA_LCPIC\Physical\Config1\X20CP0483\IoMap.iom"
"I/O Mapping","Analog output mapped to DACOut","True","True","C:\projects\mestrado_guilherme_watchdog_v2_20260403-021715\PLANTA_LCPIC\Physical\Config1\X20CP0483\IoMap.iom"
"I/O Mapping","Digital output mapped to EnableOut","True","True","C:\projects\mestrado_guilherme_watchdog_v2_20260403-021715\PLANTA_LCPIC\Physical\Config1\X20CP0483\IoMap.iom"
"I/O Mapping","Old direct Enable mapping removed","True","True","C:\projects\mestrado_guilherme_watchdog_v2_20260403-021715\PLANTA_LCPIC\Physical\Config1\X20CP0483\IoMap.iom"
"I/O Mapping","Old direct DAC mapping removed","True","True","C:\projects\mestrado_guilherme_watchdog_v2_20260403-021715\PLANTA_LCPIC\Physical\Config1\X20CP0483\IoMap.iom"
"OPC UA","Single .uad file","True","True","Found 1 .uad file(s)."
"OPC UA","Published variable: Nivel","True","True","C:\projects\mestrado_guilherme_watchdog_v2_20260403-021715\PLANTA_LCPIC\Physical\Config1\X20CP0483\Connectivity\OpcUA\OpcUaMap.uad"
"OPC UA","Published variable: Enable","True","True","C:\projects\mestrado_guilherme_watchdog_v2_20260403-021715\PLANTA_LCPIC\Physical\Config1\X20CP0483\Connectivity\OpcUA\OpcUaMap.uad"
"OPC UA","Published variable: DAC","True","True","C:\projects\mestrado_guilherme_watchdog_v2_20260403-021715\PLANTA_LCPIC\Physical\Config1\X20CP0483\Connectivity\OpcUA\OpcUaMap.uad"
"OPC UA","Published variable: Heartbeat","True","True","C:\projects\mestrado_guilherme_watchdog_v2_20260403-021715\PLANTA_LCPIC\Physical\Config1\X20CP0483\Connectivity\OpcUA\OpcUaMap.uad"
"OPC UA","Published variable: SafetyReset","True","True","C:\projects\mestrado_guilherme_watchdog_v2_20260403-021715\PLANTA_LCPIC\Physical\Config1\X20CP0483\Connectivity\OpcUA\OpcUaMap.uad"
"OPC UA","Published variable: WatchdogHealthy","True","True","C:\projects\mestrado_guilherme_watchdog_v2_20260403-021715\PLANTA_LCPIC\Physical\Config1\X20CP0483\Connectivity\OpcUA\OpcUaMap.uad"
"OPC UA","Published variable: WatchdogTripped","True","True","C:\projects\mestrado_guilherme_watchdog_v2_20260403-021715\PLANTA_LCPIC\Physical\Config1\X20CP0483\Connectivity\OpcUA\OpcUaMap.uad"
"OPC UA","Published variable: AppliedEnable","True","True","C:\projects\mestrado_guilherme_watchdog_v2_20260403-021715\PLANTA_LCPIC\Physical\Config1\X20CP0483\Connectivity\OpcUA\OpcUaMap.uad"
"OPC UA","Published variable: AppliedDAC","True","True","C:\projects\mestrado_guilherme_watchdog_v2_20260403-021715\PLANTA_LCPIC\Physical\Config1\X20CP0483\Connectivity\OpcUA\OpcUaMap.uad"
"OPC UA","Not published: EnableOut","True","True","C:\projects\mestrado_guilherme_watchdog_v2_20260403-021715\PLANTA_LCPIC\Physical\Config1\X20CP0483\Connectivity\OpcUA\OpcUaMap.uad"
"OPC UA","Not published: DACOut","True","True","C:\projects\mestrado_guilherme_watchdog_v2_20260403-021715\PLANTA_LCPIC\Physical\Config1\X20CP0483\Connectivity\OpcUA\OpcUaMap.uad"
"OPC UA","Internal Wd variables are not published","True","True","C:\projects\mestrado_guilherme_watchdog_v2_20260403-021715\PLANTA_LCPIC\Physical\Config1\X20CP0483\Connectivity\OpcUA\OpcUaMap.uad"
"Task","Task evidence collected","True","False","Collected 171 context line(s)."
