elapsed_s;nivel_raw;applied_enable;applied_dac;watchdog_healthy;watchdog_tripped
0.000;288;False;0;True;False
0.235;298;False;0;True;False
0.454;298;False;0;True;False
0.688;288;False;0;True;False
0.907;298;False;0;True;False
1.125;288;False;0;True;False
1.344;298;False;0;True;False
1.579;288;False;0;True;False
1.782;288;False;0;True;False
1.985;288;False;0;True;False
2.188;288;False;0;True;False
2.422;278;False;0;True;False
2.641;288;False;0;True;False
2.844;278;False;0;True;False
3.063;288;False;0;True;False
3.282;278;False;0;True;False
3.500;288;False;0;True;False
3.735;288;False;0;True;False
3.938;288;False;0;True;False
4.172;278;False;0;True;False
4.391;288;False;0;True;False
4.610;298;False;0;True;False
4.813;298;False;0;True;False
5.032;278;False;0;True;False
5.266;298;False;0;True;False
5.469;298;False;0;True;False
5.704;298;False;0;True;False
5.922;278;False;0;True;False
6.141;278;False;0;True;False
6.344;298;False;0;True;False
6.579;288;False;0;True;False
6.797;278;False;0;True;False
7.000;278;False;0;True;False
7.204;278;False;0;True;False
7.422;278;False;0;True;False
7.657;278;False;0;True;False
7.875;288;False;0;True;False
8.094;288;False;0;True;False
8.313;278;False;0;True;False
8.532;288;False;0;True;False
8.766;288;False;0;True;False
8.985;288;False;0;True;False
9.219;288;False;0;True;False
9.438;288;False;0;True;False
9.657;288;False;0;True;False
9.860;288;False;0;True;False
10.079;288;False;0;True;False
10.297;298;False;0;True;False
10.516;278;False;0;True;False
10.735;288;False;0;True;False
10.938;288;False;0;True;False
11.157;278;False;0;True;False
11.375;298;False;0;True;False
11.594;288;False;0;True;False
11.829;298;False;0;True;False
12.032;278;False;0;True;False
12.266;288;False;0;True;False
12.485;288;False;0;True;False
12.704;288;False;0;True;False
12.938;278;False;0;True;False
13.157;288;False;0;True;False
13.375;288;False;0;True;False
13.610;298;False;0;True;False
13.860;288;False;0;True;False
14.063;288;False;0;True;False
14.282;278;False;0;True;False
14.516;288;False;0;True;False
14.735;288;False;0;True;False
14.954;298;False;0;True;False
15.188;288;False;0;True;False
15.407;298;False;0;True;False
15.625;288;False;0;True;False
15.844;288;False;0;True;False
16.063;288;False;0;True;False
16.297;298;False;0;True;False
16.516;298;False;0;True;False
16.735;288;False;0;True;False
16.954;298;False;0;True;False
17.188;298;False;0;True;False
17.407;288;False;0;True;False
17.625;288;False;0;True;False
17.860;278;False;0;True;False
18.079;298;False;0;True;False
18.297;298;False;0;True;False
18.500;298;False;0;True;False
18.735;288;False;0;True;False
18.954;288;False;0;True;False
19.172;288;False;0;True;False
19.375;288;False;0;True;False
19.594;288;False;0;True;False
19.813;278;False;0;True;False
20.047;288;False;0;True;False
20.250;298;False;0;True;False
20.454;278;False;0;True;False
20.657;278;False;0;True;False
20.875;288;False;0;True;False
21.079;298;False;0;True;False
21.297;288;False;0;True;False
21.516;288;False;0;True;False
21.735;288;False;0;True;False
21.938;278;False;0;True;False
22.125;288;False;0;True;False
22.344;288;False;0;True;False
22.563;278;False;0;True;False
22.782;278;False;0;True;False
23.016;278;False;0;True;False
23.235;278;False;0;True;False
23.454;288;False;0;True;False
23.672;288;False;0;True;False
23.891;288;False;0;True;False
24.125;278;False;0;True;False
24.344;278;False;0;True;False
24.563;267;False;0;True;False
24.797;288;False;0;True;False
25.016;278;False;0;True;False
25.235;298;False;0;True;False
25.469;288;False;0;True;False
25.688;288;False;0;True;False
25.907;278;False;0;True;False
26.141;278;False;0;True;False
26.360;288;False;0;True;False
26.563;288;False;0;True;False
26.782;278;False;0;True;False
27.000;278;False;0;True;False
27.219;267;False;0;True;False
27.422;267;False;0;True;False
27.657;278;False;0;True;False
27.860;267;False;0;True;False
28.079;278;False;0;True;False
28.313;267;False;0;True;False
28.532;288;False;0;True;False
28.750;278;False;0;True;False
28.969;298;False;0;True;False
29.204;288;False;0;True;False
29.407;288;False;0;True;False
29.641;288;False;0;True;False
29.844;288;False;0;True;False
30.079;288;False;0;True;False
30.297;288;False;0;True;False
30.516;288;False;0;True;False
30.735;288;False;0;True;False
30.938;298;False;0;True;False
31.157;288;False;0;True;False
31.375;288;False;0;True;False
31.594;288;False;0;True;False
31.813;288;False;0;True;False
32.047;288;False;0;True;False
32.266;278;False;0;True;False
32.485;298;False;0;True;False
32.704;288;False;0;True;False
32.907;288;False;0;True;False
33.125;288;False;0;True;False
33.360;288;False;0;True;False
33.579;288;False;0;True;False
33.797;288;False;0;True;False
34.016;288;False;0;True;False
34.235;278;False;0;True;False
34.454;288;False;0;True;False
34.672;288;False;0;True;False
34.875;267;False;0;True;False
35.094;288;False;0;True;False
35.313;288;False;0;True;False
35.547;288;False;0;True;False
35.766;288;False;0;True;False
35.969;288;False;0;True;False
36.188;288;False;0;True;False
36.422;278;False;0;True;False
36.641;298;False;0;True;False
36.844;288;False;0;True;False
37.079;288;False;0;True;False
37.297;288;False;0;True;False
37.516;288;False;0;True;False
37.735;288;False;0;True;False
37.954;298;False;0;True;False
38.157;288;False;0;True;False
38.360;288;False;0;True;False
38.594;288;False;0;True;False
38.797;288;False;0;True;False
39.000;288;False;0;True;False
39.188;288;False;0;True;False
39.422;288;False;0;True;False
39.641;288;False;0;True;False
39.860;288;False;0;True;False
40.094;288;False;0;True;False
40.313;288;False;0;True;False
40.516;288;False;0;True;False
40.735;288;False;0;True;False
40.938;288;False;0;True;False
41.157;288;False;0;True;False
41.391;288;False;0;True;False
41.610;298;False;0;True;False
41.813;288;False;0;True;False
42.047;288;False;0;True;False
42.266;288;False;0;True;False
42.469;288;False;0;True;False
42.688;288;False;0;True;False
42.891;288;False;0;True;False
43.094;288;False;0;True;False
43.313;288;False;0;True;False
43.516;288;False;0;True;False
43.735;298;False;0;True;False
43.954;288;False;0;True;False
44.172;278;False;0;True;False
44.391;298;False;0;True;False
44.594;288;False;0;True;False
44.813;298;False;0;True;False
45.032;288;False;0;True;False
45.250;298;False;0;True;False
45.454;298;False;0;True;False
45.688;288;False;0;True;False
45.907;298;False;0;True;False
46.110;288;False;0;True;False
46.344;298;False;0;True;False
46.547;298;False;0;True;False
46.766;288;False;0;True;False
46.969;298;False;0;True;False
47.188;288;False;0;True;False
47.407;288;False;0;True;False
47.625;298;False;0;True;False
47.829;298;False;0;True;False
48.032;288;False;0;True;False
48.266;298;False;0;True;False
48.485;278;False;0;True;False
48.704;278;False;0;True;False
48.938;288;False;0;True;False
49.157;288;False;0;True;False
49.360;288;False;0;True;False
49.563;288;False;0;True;False
49.782;278;False;0;True;False
49.985;288;False;0;True;False
50.204;278;False;0;True;False
50.422;288;False;0;True;False
50.625;278;False;0;True;False
50.829;288;False;0;True;False
51.047;288;False;0;True;False
51.250;288;False;0;True;False
51.454;278;False;0;True;False
51.657;278;False;0;True;False
51.860;298;False;0;True;False
52.094;288;False;0;True;False
52.313;288;False;0;True;False
52.532;298;False;0;True;False
52.735;288;False;0;True;False
52.954;278;False;0;True;False
53.172;298;False;0;True;False
53.407;288;False;0;True;False
53.610;288;False;0;True;False
53.829;288;False;0;True;False
54.032;288;False;0;True;False
54.266;288;False;0;True;False
54.485;288;False;0;True;False
54.719;288;False;0;True;False
54.938;288;False;0;True;False
55.157;288;False;0;True;False
55.375;288;False;0;True;False
55.579;288;False;0;True;False
55.797;288;False;0;True;False
56.032;298;False;0;True;False
56.235;298;False;0;True;False
56.454;288;False;0;True;False
56.657;288;False;0;True;False
56.891;288;False;0;True;False
57.110;288;False;0;True;False
57.329;298;False;0;True;False
57.563;288;False;0;True;False
57.766;298;False;0;True;False
57.985;288;False;0;True;False
58.219;288;False;0;True;False
58.438;288;False;0;True;False
58.657;288;False;0;True;False
58.891;278;False;0;True;False
59.094;278;False;0;True;False
59.297;278;False;0;True;False
59.516;288;False;0;True;False
59.735;278;False;0;True;False
59.954;288;False;0;True;False
