elapsed_s;active_elapsed_s;gw_nivel;median9_raw;positive_median_rate_raw_per_s;gw_enable;gw_dac;gw_applied_enable;gw_applied_dac;gw_watchdog_healthy;plc_nivel;plc_enable;plc_dac;plc_applied_enable;plc_applied_dac;plc_watchdog_healthy;plc_watchdog_tripped
1.141000;-1.000000;298.0;298.000000;0.000000;False;0.0;False;0.0;True;298.0;False;0.0;False;0.0;True;False
1.266000;-1.000000;288.0;298.000000;0.000000;False;0.0;False;0.0;True;288.0;False;0.0;False;0.0;True;False
1.375000;-1.000000;298.0;298.000000;0.000000;False;0.0;False;0.0;True;298.0;False;0.0;False;0.0;True;False
1.484000;-1.000000;298.0;298.000000;0.000000;False;0.0;False;0.0;True;298.0;False;0.0;False;0.0;True;False
1.609000;-1.000000;298.0;298.000000;0.000000;False;0.0;False;0.0;True;298.0;False;0.0;False;0.0;True;False
1.719000;-1.000000;298.0;298.000000;0.000000;False;0.0;False;0.0;True;298.0;False;0.0;False;0.0;True;False
1.844000;-1.000000;308.0;298.000000;0.000000;False;0.0;False;0.0;True;308.0;False;0.0;False;0.0;True;False
1.953000;-1.000000;308.0;298.000000;0.000000;False;0.0;False;0.0;True;298.0;False;0.0;False;0.0;True;False
2.078000;-1.000000;298.0;298.000000;0.000000;False;0.0;False;0.0;True;308.0;False;0.0;False;0.0;True;False
2.203000;-1.000000;308.0;298.000000;0.000000;False;0.0;False;0.0;True;298.0;False;0.0;False;0.0;True;False
2.328000;-1.000000;298.0;298.000000;0.000000;False;0.0;False;0.0;True;298.0;False;0.0;False;0.0;True;False
2.437000;-1.000000;298.0;298.000000;0.000000;False;0.0;False;0.0;True;298.0;False;0.0;False;0.0;True;False
2.562000;-1.000000;298.0;298.000000;0.000000;False;0.0;False;0.0;True;298.0;False;0.0;False;0.0;True;False
2.687000;-1.000000;288.0;298.000000;0.000000;False;0.0;False;0.0;True;288.0;False;0.0;False;0.0;True;False
2.812000;-1.000000;288.0;298.000000;0.000000;False;0.0;False;0.0;True;298.0;False;0.0;False;0.0;True;False
2.937000;-1.000000;298.0;298.000000;0.000000;False;0.0;False;0.0;True;298.0;False;0.0;False;0.0;True;False
3.062000;-1.000000;298.0;298.000000;0.000000;False;0.0;False;0.0;True;298.0;False;0.0;False;0.0;True;False
3.187000;-1.000000;298.0;298.000000;0.000000;False;0.0;False;0.0;True;298.0;False;0.0;False;0.0;True;False
3.281000;-1.000000;298.0;298.000000;0.000000;False;0.0;False;0.0;True;298.0;False;0.0;False;0.0;True;False
3.547000;-1.000000;298.0;298.000000;0.000000;False;0.0;False;0.0;True;298.0;False;0.0;False;0.0;True;False
3.687000;-1.000000;288.0;298.000000;0.000000;False;0.0;False;0.0;True;278.0;False;0.0;False;0.0;True;False
3.812000;-1.000000;278.0;298.000000;0.000000;False;0.0;False;0.0;True;288.0;False;0.0;False;0.0;True;False
3.937000;-1.000000;278.0;298.000000;0.000000;False;0.0;False;0.0;True;278.0;False;0.0;False;0.0;True;False
4.031000;-1.000000;278.0;298.000000;0.000000;False;0.0;False;0.0;True;288.0;False;0.0;False;0.0;True;False
4.156000;-1.000000;288.0;288.000000;0.000000;False;0.0;False;0.0;True;288.0;False;0.0;False;0.0;True;False
4.297000;-1.000000;278.0;288.000000;0.000000;False;0.0;False;0.0;True;288.0;False;0.0;False;0.0;True;False
4.422000;-1.000000;288.0;288.000000;0.000000;False;0.0;False;0.0;True;278.0;False;0.0;False;0.0;True;False
4.547000;-1.000000;278.0;278.000000;0.000000;False;0.0;False;0.0;True;278.0;False;0.0;False;0.0;True;False
4.656000;-1.000000;278.0;278.000000;0.000000;False;0.0;False;0.0;True;278.0;False;0.0;False;0.0;True;False
4.781000;-1.000000;278.0;278.000000;0.000000;False;0.0;False;0.0;True;288.0;False;0.0;False;0.0;True;False
4.891000;-1.000000;288.0;278.000000;0.000000;False;0.0;False;0.0;True;278.0;False;0.0;False;0.0;True;False
5.016000;-1.000000;278.0;278.000000;0.000000;False;0.0;False;0.0;True;278.0;False;0.0;False;0.0;True;False
5.141000;-1.000000;278.0;278.000000;0.000000;False;0.0;False;0.0;True;278.0;False;0.0;False;0.0;True;False
5.250000;-1.000000;278.0;278.000000;0.000000;False;0.0;False;0.0;True;278.0;False;0.0;False;0.0;True;False
5.344000;-1.000000;278.0;278.000000;0.000000;False;0.0;False;0.0;True;278.0;False;0.0;False;0.0;True;False
5.469000;-1.000000;278.0;278.000000;0.000000;False;0.0;False;0.0;True;278.0;False;0.0;False;0.0;True;False
5.594000;-1.000000;267.0;278.000000;0.000000;False;0.0;False;0.0;True;278.0;False;0.0;False;0.0;True;False
5.703000;-1.000000;278.0;278.000000;0.000000;False;0.0;False;0.0;True;278.0;False;0.0;False;0.0;True;False
5.828000;-1.000000;278.0;278.000000;0.000000;False;0.0;False;0.0;True;278.0;False;0.0;False;0.0;True;False
5.937000;-1.000000;267.0;278.000000;0.000000;False;0.0;False;0.0;True;267.0;False;0.0;False;0.0;True;False
6.062000;-1.000000;278.0;278.000000;0.000000;False;0.0;False;0.0;True;267.0;False;0.0;False;0.0;True;False
6.187000;-1.000000;278.0;278.000000;0.000000;False;0.0;False;0.0;True;267.0;False;0.0;False;0.0;True;False
6.312000;-1.000000;267.0;278.000000;0.000000;False;0.0;False;0.0;True;278.0;False;0.0;False;0.0;True;False
6.437000;-1.000000;278.0;278.000000;0.000000;False;0.0;False;0.0;True;278.0;False;0.0;False;0.0;True;False
6.562000;-1.000000;278.0;278.000000;0.000000;False;0.0;False;0.0;True;278.0;False;0.0;False;0.0;True;False
6.687000;-1.000000;278.0;278.000000;0.000000;False;0.0;False;0.0;True;288.0;False;0.0;False;0.0;True;False
6.797000;-1.000000;288.0;278.000000;0.000000;False;0.0;False;0.0;True;278.0;False;0.0;False;0.0;True;False
6.922000;-1.000000;278.0;278.000000;0.000000;False;0.0;False;0.0;True;288.0;False;0.0;False;0.0;True;False
7.047000;-1.000000;288.0;278.000000;0.000000;False;0.0;False;0.0;True;267.0;False;0.0;False;0.0;True;False
7.156000;-1.000000;278.0;278.000000;0.000000;False;0.0;False;0.0;True;278.0;False;0.0;False;0.0;True;False
7.266000;-1.000000;288.0;278.000000;0.000000;False;0.0;False;0.0;True;288.0;False;0.0;False;0.0;True;False
7.375000;-1.000000;288.0;278.000000;0.000000;False;0.0;False;0.0;True;288.0;False;0.0;False;0.0;True;False
7.469000;-1.000000;288.0;288.000000;4.506534;False;0.0;False;0.0;True;288.0;False;0.0;False;0.0;True;False
7.594000;-1.000000;288.0;288.000000;4.444444;False;0.0;False;0.0;True;288.0;False;0.0;False;0.0;True;False
7.703000;-1.000000;288.0;288.000000;4.476276;False;0.0;False;0.0;True;278.0;False;0.0;False;0.0;True;False
7.828000;-1.000000;278.0;288.000000;4.476276;False;0.0;False;0.0;True;278.0;False;0.0;False;0.0;True;False
7.937000;-1.000000;278.0;288.000000;4.476276;False;0.0;False;0.0;True;267.0;False;0.0;False;0.0;True;False
8.047000;-1.000000;267.0;288.000000;4.506534;False;0.0;False;0.0;True;288.0;False;0.0;False;0.0;True;False
8.172000;-1.000000;288.0;288.000000;4.474273;False;0.0;False;0.0;True;288.0;False;0.0;False;0.0;True;False
8.297000;-1.000000;288.0;288.000000;4.474273;False;0.0;False;0.0;True;298.0;False;0.0;False;0.0;True;False
8.437000;-1.000000;298.0;288.000000;4.444444;False;0.0;False;0.0;True;288.0;False;0.0;False;0.0;True;False
8.547000;-1.000000;288.0;288.000000;4.474273;False;0.0;False;0.0;True;288.0;False;0.0;False;0.0;True;False
8.672000;-1.000000;288.0;288.000000;4.474273;False;0.0;False;0.0;True;288.0;False;0.0;False;0.0;True;False
8.797000;-1.000000;288.0;288.000000;4.474273;False;0.0;False;0.0;True;298.0;False;0.0;False;0.0;True;False
8.922000;-1.000000;298.0;288.000000;4.474273;False;0.0;False;0.0;True;288.0;False;0.0;False;0.0;True;False
9.031000;-1.000000;288.0;288.000000;4.476276;False;0.0;False;0.0;True;288.0;False;0.0;False;0.0;True;False
9.125000;-1.000000;288.0;288.000000;4.539265;False;0.0;False;0.0;True;288.0;False;0.0;False;0.0;True;False
9.250000;-1.000000;288.0;288.000000;4.539265;False;0.0;False;0.0;True;298.0;False;0.0;False;0.0;True;False
9.359000;-1.000000;298.0;288.000000;4.539265;False;0.0;False;0.0;True;298.0;False;0.0;False;0.0;True;False
9.484000;-1.000000;298.0;288.000000;4.508566;False;0.0;False;0.0;True;298.0;False;0.0;False;0.0;True;False
9.609000;-1.000000;298.0;288.000000;4.476276;False;0.0;False;0.0;True;288.0;False;0.0;False;0.0;True;False
9.734000;-1.000000;288.0;288.000000;0.000000;False;0.0;False;0.0;True;298.0;False;0.0;False;0.0;True;False
9.859000;-1.000000;288.0;288.000000;0.000000;False;0.0;False;0.0;True;298.0;False;0.0;False;0.0;True;False
9.984000;-1.000000;298.0;288.000000;0.000000;False;0.0;False;0.0;True;288.0;False;0.0;False;0.0;True;False
10.109000;-1.000000;288.0;288.000000;0.000000;False;0.0;False;0.0;True;288.0;False;0.0;False;0.0;True;False
10.234000;-1.000000;288.0;288.000000;0.000000;False;0.0;False;0.0;True;298.0;False;0.0;False;0.0;True;False
10.359000;-1.000000;298.0;298.000000;4.325260;False;0.0;False;0.0;True;288.0;False;0.0;False;0.0;True;False
10.484000;-1.000000;288.0;288.000000;0.000000;False;0.0;False;0.0;True;298.0;False;0.0;False;0.0;True;False
10.594000;-1.000000;298.0;288.000000;0.000000;False;0.0;False;0.0;True;298.0;False;0.0;False;0.0;True;False
10.719000;-1.000000;298.0;288.000000;0.000000;False;0.0;False;0.0;True;288.0;False;0.0;False;0.0;True;False
10.828000;-1.000000;288.0;288.000000;0.000000;False;0.0;False;0.0;True;298.0;False;0.0;False;0.0;True;False
10.937000;-1.000000;298.0;298.000000;4.415011;False;0.0;False;0.0;True;298.0;False;0.0;False;0.0;True;False
11.062000;-1.000000;298.0;298.000000;4.415011;False;0.0;False;0.0;True;288.0;False;0.0;False;0.0;True;False
11.172000;-1.000000;298.0;298.000000;4.444444;False;0.0;False;0.0;True;298.0;False;0.0;False;0.0;True;False
11.297000;-1.000000;298.0;298.000000;4.413063;False;0.0;False;0.0;True;288.0;False;0.0;False;0.0;True;False
11.422000;-1.000000;288.0;298.000000;4.353505;False;0.0;False;0.0;True;298.0;False;0.0;False;0.0;True;False
11.547000;-1.000000;298.0;298.000000;4.353505;False;0.0;False;0.0;True;298.0;False;0.0;False;0.0;True;False
11.656000;-1.000000;298.0;298.000000;4.353505;False;0.0;False;0.0;True;288.0;False;0.0;False;0.0;True;False
11.781000;-1.000000;288.0;298.000000;4.353505;False;0.0;False;0.0;True;288.0;False;0.0;False;0.0;True;False
11.891000;-1.000000;288.0;298.000000;4.382121;False;0.0;False;0.0;True;298.0;False;0.0;False;0.0;True;False
12.016000;-1.000000;298.0;298.000000;4.382121;False;0.0;False;0.0;True;298.0;False;0.0;False;0.0;True;False
12.141000;-1.000000;298.0;298.000000;4.382121;False;0.0;False;0.0;True;298.0;False;0.0;False;0.0;True;False
12.266000;-1.000000;298.0;298.000000;4.382121;False;0.0;False;0.0;True;288.0;False;0.0;False;0.0;True;False
12.375000;-1.000000;288.0;298.000000;4.413063;False;0.0;False;0.0;True;288.0;False;0.0;False;0.0;True;False
12.484000;-1.000000;288.0;298.000000;4.444444;False;0.0;False;0.0;True;298.0;False;0.0;False;0.0;True;False
12.594000;-1.000000;298.0;298.000000;0.000000;False;0.0;False;0.0;True;298.0;False;0.0;False;0.0;True;False
12.719000;-1.000000;298.0;298.000000;4.474273;False;0.0;False;0.0;True;298.0;False;0.0;False;0.0;True;False
12.828000;-1.000000;298.0;298.000000;4.476276;False;0.0;False;0.0;True;298.0;False;0.0;False;0.0;True;False
12.937000;-1.000000;298.0;298.000000;4.508566;False;0.0;False;0.0;True;298.0;False;0.0;False;0.0;True;False
13.062000;-1.000000;298.0;298.000000;4.476276;False;0.0;False;0.0;True;298.0;False;0.0;False;0.0;True;False
13.187000;-1.000000;298.0;298.000000;0.000000;False;0.0;False;0.0;True;298.0;False;0.0;False;0.0;True;False
13.328000;-1.000000;298.0;298.000000;0.000000;False;0.0;False;0.0;True;298.0;False;0.0;False;0.0;True;False
13.453000;-1.000000;298.0;298.000000;0.000000;False;0.0;False;0.0;True;298.0;False;0.0;False;0.0;True;False
13.578000;-1.000000;298.0;298.000000;0.000000;False;0.0;False;0.0;True;298.0;False;0.0;False;0.0;True;False
13.687000;-1.000000;298.0;298.000000;0.000000;False;0.0;False;0.0;True;298.0;False;0.0;False;0.0;True;False
13.828000;-1.000000;298.0;298.000000;0.000000;False;0.0;False;0.0;True;298.0;False;0.0;False;0.0;True;False
13.937000;-1.000000;298.0;298.000000;0.000000;False;0.0;False;0.0;True;298.0;False;0.0;False;0.0;True;False
14.062000;-1.000000;298.0;298.000000;0.000000;False;0.0;False;0.0;True;298.0;False;0.0;False;0.0;True;False
14.187000;-1.000000;298.0;298.000000;0.000000;False;0.0;False;0.0;True;298.0;False;0.0;False;0.0;True;False
14.328000;-1.000000;298.0;298.000000;0.000000;False;0.0;False;0.0;True;298.0;False;0.0;False;0.0;True;False
14.453000;-1.000000;298.0;298.000000;0.000000;False;0.0;False;0.0;True;288.0;False;0.0;False;0.0;True;False
14.578000;-1.000000;288.0;298.000000;0.000000;False;0.0;False;0.0;True;298.0;False;0.0;False;0.0;True;False
14.703000;-1.000000;298.0;298.000000;0.000000;False;0.0;False;0.0;True;288.0;False;0.0;False;0.0;True;False
14.812000;-1.000000;288.0;298.000000;0.000000;False;0.0;False;0.0;True;298.0;False;0.0;False;0.0;True;False
14.937000;-1.000000;298.0;298.000000;0.000000;False;0.0;False;0.0;True;288.0;False;0.0;False;0.0;True;False
15.078000;-1.000000;288.0;298.000000;0.000000;False;0.0;False;0.0;True;298.0;False;0.0;False;0.0;True;False
15.203000;0.000000;298.0;298.000000;0.000000;True;150.0;False;0.0;True;298.0;False;0.0;False;0.0;True;False
15.312000;0.109000;298.0;298.000000;0.000000;True;150.0;False;0.0;True;298.0;True;150.0;True;150.0;True;False
15.422000;0.219000;298.0;298.000000;0.000000;True;150.0;True;150.0;True;125.0;True;150.0;True;150.0;True;False
15.531000;0.328000;136.0;298.000000;0.000000;True;300.0;True;150.0;True;136.0;True;300.0;True;150.0;True;False
15.656000;0.453000;257.0;298.000000;0.000000;True;300.0;True;300.0;True;257.0;True;300.0;True;300.0;True;False
15.766000;0.563000;227.0;288.000000;0.000000;True;300.0;True;300.0;True;227.0;True;300.0;True;300.0;True;False
15.891000;0.688000;227.0;288.000000;0.000000;True;450.0;True;300.0;True;166.0;True;300.0;True;300.0;True;False
16.000000;0.797000;166.0;257.000000;0.000000;True;450.0;True;300.0;True;196.0;True;450.0;True;450.0;True;False
16.094000;0.891000;196.0;227.000000;0.000000;True;450.0;True;450.0;True;207.0;True;450.0;True;450.0;True;False
16.203000;1.000000;207.0;227.000000;0.000000;True;600.0;True;450.0;True;207.0;True;600.0;True;450.0;True;False
16.328000;1.125000;207.0;207.000000;0.000000;True;600.0;True;450.0;True;207.0;True;600.0;True;600.0;True;False
16.437000;1.234000;207.0;207.000000;0.000000;True;600.0;True;600.0;True;298.0;True;600.0;True;600.0;True;False
16.562000;1.359000;298.0;207.000000;0.000000;True;750.0;True;600.0;True;308.0;True;750.0;True;750.0;True;False
16.687000;1.484000;196.0;207.000000;0.000000;True;750.0;True;750.0;True;166.0;True;750.0;True;750.0;True;False
16.797000;1.594000;166.0;207.000000;0.000000;True;900.0;True;750.0;True;136.0;True;750.0;True;750.0;True;False
16.922000;1.719000;136.0;196.000000;0.000000;True;900.0;True;750.0;True;308.0;True;900.0;True;750.0;True;False
17.047000;1.844000;308.0;207.000000;0.000000;True;900.0;True;900.0;True;308.0;True;900.0;True;900.0;True;False
17.156000;1.953000;146.0;207.000000;0.000000;True;900.0;True;900.0;True;146.0;True;900.0;True;900.0;True;False
17.266000;2.063000;196.0;196.000000;0.000000;True;1050.0;True;900.0;True;257.0;True;1050.0;True;900.0;True;False
17.375000;2.172000;196.0;196.000000;0.000000;True;1050.0;True;900.0;True;350.0;True;1050.0;True;1050.0;True;False
17.500000;2.297000;257.0;196.000000;0.000000;True;1050.0;True;1050.0;True;340.0;True;1050.0;True;1050.0;True;False
17.609000;2.406000;340.0;196.000000;0.000000;True;1050.0;True;1050.0;True;340.0;True;1050.0;True;1050.0;True;False
17.734000;2.531000;340.0;196.000000;0.000000;True;1200.0;True;1050.0;True;328.0;True;1050.0;True;1050.0;True;False
17.844000;2.641000;328.0;257.000000;0.000000;True;1200.0;True;1050.0;True;298.0;True;1200.0;True;1050.0;True;False
17.953000;2.750000;308.0;308.000000;9.144947;True;1200.0;True;1200.0;True;308.0;True;1200.0;True;1200.0;True;False
18.078000;2.875000;340.0;308.000000;9.144947;True;1200.0;True;1200.0;True;328.0;True;1200.0;True;1200.0;True;False
18.172000;2.969000;328.0;328.000000;32.688766;True;1200.0;True;1200.0;True;350.0;True;1200.0;True;1200.0;True;False
18.297000;3.094000;350.0;328.000000;45.846573;True;1350.0;True;1200.0;True;340.0;True;1350.0;True;1350.0;True;False
18.406000;3.203000;340.0;340.000000;51.293690;True;1350.0;True;1350.0;True;318.0;True;1350.0;True;1350.0;True;False
18.516000;3.313000;318.0;340.000000;60.786106;True;1500.0;True;1350.0;True;328.0;True;1500.0;True;1350.0;True;False
18.641000;3.438000;217.0;328.000000;54.900181;True;1500.0;True;1500.0;True;217.0;True;1500.0;True;1500.0;True;False
18.750000;3.547000;328.0;328.000000;55.301645;True;1500.0;True;1500.0;True;328.0;True;1500.0;True;1500.0;True;False
18.859000;3.656000;308.0;328.000000;55.709024;True;1650.0;True;1500.0;True;308.0;True;1650.0;True;1500.0;True;False
18.969000;3.766000;298.0;328.000000;55.709024;True;1650.0;True;1650.0;True;288.0;True;1650.0;True;1650.0;True;False
19.078000;3.875000;298.0;318.000000;56.586271;True;1650.0;True;1650.0;True;278.0;True;1650.0;True;1650.0;True;False
19.203000;4.000000;278.0;308.000000;46.846011;True;1800.0;True;1650.0;True;267.0;True;1650.0;True;1650.0;True;False
19.312000;4.109000;267.0;298.000000;42.207792;True;1800.0;True;1650.0;True;278.0;True;1800.0;True;1800.0;True;False
19.437000;4.234000;278.0;298.000000;46.982957;True;1800.0;True;1800.0;True;288.0;True;1800.0;True;1800.0;True;False
19.562000;4.359000;288.0;288.000000;42.066758;True;1800.0;True;1800.0;True;298.0;True;1800.0;True;1800.0;True;False
19.672000;4.469000;298.0;298.000000;46.961326;True;1950.0;True;1800.0;True;308.0;True;1950.0;True;1950.0;True;False
19.781000;4.578000;308.0;298.000000;46.961326;True;1950.0;True;1950.0;True;308.0;True;1950.0;True;1950.0;True;False
19.891000;4.688000;308.0;298.000000;47.287900;True;1950.0;True;1950.0;True;308.0;True;1950.0;True;1950.0;True;False
20.000000;4.797000;308.0;298.000000;19.016698;True;2100.0;True;1950.0;True;308.0;True;2100.0;True;1950.0;True;False
20.109000;4.906000;308.0;298.000000;0.000000;True;2100.0;True;1950.0;True;288.0;True;2100.0;True;2100.0;True;False
20.234000;5.031000;288.0;298.000000;0.000000;True;2100.0;True;2100.0;True;340.0;True;2100.0;True;2100.0;True;False
20.359000;5.156000;340.0;308.000000;0.000000;True;2250.0;True;2100.0;True;328.0;True;2100.0;True;2100.0;True;False
20.484000;5.281000;328.0;308.000000;0.000000;True;2250.0;True;2100.0;True;360.0;True;2250.0;True;2250.0;True;False
20.594000;5.391000;360.0;308.000000;0.000000;True;2250.0;True;2250.0;True;340.0;True;2250.0;True;2250.0;True;False
20.703000;5.500000;340.0;308.000000;0.000000;True;2250.0;True;2250.0;True;308.0;True;2250.0;True;2250.0;True;False
20.828000;5.625000;298.0;308.000000;0.000000;True;2400.0;True;2250.0;True;298.0;True;2400.0;True;2250.0;True;False
20.937000;5.734000;298.0;308.000000;0.000000;True;2400.0;True;2250.0;True;288.0;True;2400.0;True;2400.0;True;False
21.047000;5.844000;288.0;308.000000;0.000000;True;2400.0;True;2400.0;True;278.0;True;2400.0;True;2400.0;True;False
21.187000;5.984000;278.0;298.000000;0.000000;True;2550.0;True;2400.0;True;288.0;True;2400.0;True;2400.0;True;False
21.297000;6.094000;288.0;298.000000;0.000000;True;2550.0;True;2400.0;True;298.0;True;2550.0;True;2550.0;True;False
21.422000;6.219000;298.0;298.000000;0.000000;True;2550.0;True;2550.0;True;257.0;True;2550.0;True;2550.0;True;False
21.547000;6.344000;257.0;298.000000;0.000000;True;2550.0;True;2550.0;True;247.0;True;2550.0;True;2550.0;True;False
21.687000;6.484000;247.0;288.000000;0.000000;True;2700.0;True;2550.0;True;318.0;True;2550.0;True;2550.0;True;False
21.812000;6.609000;267.0;288.000000;0.000000;True;2700.0;True;2550.0;True;298.0;True;2700.0;True;2700.0;True;False
21.937000;6.734000;298.0;288.000000;0.000000;True;2700.0;True;2700.0;True;227.0;True;2700.0;True;2700.0;True;False
22.062000;6.859000;227.0;278.000000;0.000000;True;2850.0;True;2700.0;True;308.0;True;2700.0;True;2700.0;True;False
22.187000;6.984000;308.0;278.000000;0.000000;True;2850.0;True;2700.0;True;360.0;True;2850.0;True;2850.0;True;False
22.312000;7.109000;360.0;288.000000;0.000000;True;2850.0;True;2850.0;True;360.0;True;2850.0;True;2850.0;True;False
22.422000;7.219000;360.0;298.000000;0.000000;True;2850.0;True;2850.0;True;298.0;True;2850.0;True;2850.0;True;False
22.516000;7.313000;308.0;298.000000;0.000000;True;3000.0;True;2850.0;True;308.0;True;3000.0;True;2850.0;True;False
22.641000;7.438000;308.0;308.000000;0.000000;True;3000.0;True;3000.0;True;308.0;True;3000.0;True;3000.0;True;False
22.750000;7.547000;308.0;308.000000;0.000000;True;3000.0;True;3000.0;True;421.0;True;3000.0;True;3000.0;True;False
22.875000;7.672000;421.0;308.000000;0.000000;True;3150.0;True;3000.0;True;328.0;True;3150.0;True;3150.0;True;False
23.000000;7.797000;328.0;308.000000;0.000000;True;3150.0;True;3150.0;True;350.0;True;3150.0;True;3150.0;True;False
23.156000;7.953000;340.0;328.000000;8.591065;True;3150.0;True;3150.0;True;340.0;True;3150.0;True;3150.0;True;False
23.281000;8.078000;267.0;328.000000;8.532423;True;3300.0;True;3150.0;True;267.0;True;3300.0;True;3150.0;True;False
23.391000;8.188000;267.0;308.000000;0.000000;True;3300.0;True;3150.0;True;267.0;True;3300.0;True;3300.0;True;False
23.500000;8.297000;267.0;308.000000;4.323390;True;3300.0;True;3300.0;True;360.0;True;3300.0;True;3300.0;True;False
23.609000;8.406000;360.0;308.000000;4.325260;True;3300.0;True;3300.0;True;340.0;True;3300.0;True;3300.0;True;False
23.750000;8.547000;340.0;328.000000;12.886598;True;3450.0;True;3300.0;True;308.0;True;3450.0;True;3300.0;True;False
23.859000;8.656000;318.0;328.000000;12.975779;True;3450.0;True;3450.0;True;318.0;True;3450.0;True;3450.0;True;False
24.000000;8.797000;318.0;318.000000;12.970169;True;3600.0;True;3450.0;True;441.0;True;3450.0;True;3450.0;True;False
24.109000;8.906000;441.0;318.000000;13.060514;True;3600.0;True;3450.0;True;451.0;True;3600.0;True;3450.0;True;False
24.234000;9.031000;441.0;318.000000;13.060514;True;3600.0;True;3450.0;True;318.0;True;3600.0;True;3600.0;True;False
24.359000;9.156000;318.0;318.000000;17.414018;True;3600.0;True;3600.0;True;328.0;True;3600.0;True;3600.0;True;False
24.484000;9.281000;328.0;328.000000;21.767523;True;3750.0;True;3600.0;True;471.0;True;3750.0;True;3750.0;True;False
24.594000;9.391000;471.0;340.000000;22.787029;True;3750.0;True;3750.0;True;461.0;True;3750.0;True;3750.0;True;False
24.719000;9.516000;461.0;340.000000;18.284719;True;3750.0;True;3750.0;True;328.0;True;3750.0;True;3750.0;True;False
24.828000;9.625000;328.0;328.000000;12.975779;True;3900.0;True;3750.0;True;370.0;True;3750.0;True;3750.0;True;False
24.937000;9.734000;400.0;400.000000;40.069686;True;3900.0;True;3750.0;True;400.0;True;3900.0;True;3750.0;True;False
25.047000;9.844000;298.0;400.000000;40.052242;True;3900.0;True;3900.0;True;298.0;True;3900.0;True;3900.0;True;False
25.141000;9.938000;278.0;328.000000;8.826125;True;3900.0;True;3900.0;True;278.0;True;3900.0;True;3900.0;True;False
25.250000;10.047000;278.0;328.000000;8.888889;True;3900.0;True;3900.0;True;421.0;True;3900.0;True;3900.0;True;False
25.375000;10.172000;421.0;328.000000;0.000000;True;4050.0;True;3900.0;True;451.0;True;4050.0;True;4050.0;True;False
25.500000;10.297000;451.0;400.000000;32.447048;True;4050.0;True;4050.0;True;298.0;True;4050.0;True;4050.0;True;False
25.609000;10.406000;298.0;328.000000;9.017133;True;4050.0;True;4050.0;True;308.0;True;4050.0;True;4050.0;True;False
25.719000;10.516000;308.0;308.000000;0.000000;True;4200.0;True;4050.0;True;318.0;True;4050.0;True;4050.0;True;False
25.844000;10.641000;318.0;308.000000;0.000000;True;4200.0;True;4050.0;True;421.0;True;4200.0;True;4050.0;True;False
25.953000;10.750000;400.0;308.000000;0.000000;True;4200.0;True;4200.0;True;400.0;True;4200.0;True;4200.0;True;False
26.062000;10.859000;370.0;318.000000;0.000000;True;4200.0;True;4200.0;True;370.0;True;4200.0;True;4200.0;True;False
26.156000;10.953000;380.0;370.000000;24.118738;True;4200.0;True;4200.0;True;380.0;True;4200.0;True;4200.0;True;False
26.266000;11.063000;390.0;380.000000;28.743625;True;4350.0;True;4200.0;True;267.0;True;4350.0;True;4200.0;True;False
26.375000;11.172000;390.0;380.000000;28.958431;True;4350.0;True;4200.0;True;288.0;True;4350.0;True;4350.0;True;False
26.484000;11.281000;288.0;370.000000;24.470588;True;4350.0;True;4350.0;True;411.0;True;4350.0;True;4350.0;True;False
26.609000;11.406000;411.0;380.000000;24.470588;True;4350.0;True;4350.0;True;411.0;True;4350.0;True;4350.0;True;False
26.734000;11.531000;411.0;390.000000;23.364486;True;4500.0;True;4350.0;True;411.0;True;4500.0;True;4350.0;True;False
26.844000;11.641000;298.0;390.000000;23.529412;True;4500.0;True;4500.0;True;298.0;True;4500.0;True;4500.0;True;False
26.969000;11.766000;318.0;380.000000;24.287716;True;4500.0;True;4500.0;True;318.0;True;4500.0;True;4500.0;True;False
27.094000;11.891000;421.0;390.000000;0.000000;True;4650.0;True;4500.0;True;421.0;True;4500.0;True;4500.0;True;False
27.203000;12.000000;400.0;390.000000;0.000000;True;4650.0;True;4500.0;True;400.0;True;4650.0;True;4500.0;True;False
27.312000;12.109000;400.0;400.000000;33.164440;True;4650.0;True;4500.0;True;288.0;True;4650.0;True;4650.0;True;False
27.437000;12.234000;288.0;400.000000;32.921811;True;4650.0;True;4650.0;True;278.0;True;4650.0;True;4650.0;True;False
27.562000;12.359000;278.0;400.000000;32.921811;True;4650.0;True;4650.0;True;298.0;True;4650.0;True;4650.0;True;False
27.687000;12.484000;298.0;318.000000;0.000000;True;4800.0;True;4650.0;True;298.0;True;4800.0;True;4800.0;True;False
27.797000;12.594000;298.0;298.000000;0.000000;True;4800.0;True;4800.0;True;278.0;True;4800.0;True;4800.0;True;False
27.937000;12.734000;278.0;298.000000;0.000000;True;4950.0;True;4800.0;True;278.0;True;4800.0;True;4800.0;True;False
28.062000;12.859000;278.0;298.000000;0.000000;True;4950.0;True;4800.0;True;288.0;True;4950.0;True;4950.0;True;False
28.172000;12.969000;288.0;288.000000;0.000000;True;4950.0;True;4950.0;True;298.0;True;4950.0;True;4950.0;True;False
28.297000;13.094000;298.0;288.000000;0.000000;True;5100.0;True;4950.0;True;298.0;True;5100.0;True;5100.0;True;False
28.422000;13.219000;298.0;288.000000;0.000000;True;5100.0;True;5100.0;True;298.0;True;5100.0;True;5100.0;True;False
28.547000;13.344000;328.0;298.000000;0.000000;True;5100.0;True;5100.0;True;328.0;True;5100.0;True;5100.0;True;False
28.672000;13.469000;328.0;298.000000;0.000000;True;5250.0;True;5100.0;True;328.0;True;5100.0;True;5100.0;True;False
28.781000;13.578000;328.0;298.000000;0.000000;True;5250.0;True;5100.0;True;308.0;True;5250.0;True;5250.0;True;False
28.922000;13.719000;308.0;298.000000;0.000000;True;5250.0;True;5250.0;True;318.0;True;5250.0;True;5250.0;True;False
29.031000;13.828000;318.0;308.000000;0.000000;True;5400.0;True;5250.0;True;298.0;True;5250.0;True;5250.0;True;False
29.156000;13.953000;298.0;308.000000;0.000000;True;5400.0;True;5250.0;True;288.0;True;5400.0;True;5400.0;True;False
29.297000;14.094000;350.0;318.000000;0.000000;True;5400.0;True;5400.0;True;350.0;True;5400.0;True;5400.0;True;False
29.422000;14.219000;328.0;328.000000;0.000000;True;5550.0;True;5400.0;True;328.0;True;5550.0;True;5400.0;True;False
29.516000;14.313000;328.0;328.000000;0.000000;True;5550.0;True;5400.0;True;298.0;True;5550.0;True;5550.0;True;False
29.656000;14.453000;298.0;328.000000;0.000000;True;5550.0;True;5550.0;True;288.0;True;5550.0;True;5550.0;True;False
29.766000;14.563000;288.0;318.000000;0.000000;True;5550.0;True;5550.0;True;298.0;True;5550.0;True;5550.0;True;False
29.875000;14.672000;298.0;308.000000;0.000000;True;5700.0;True;5550.0;True;298.0;True;5700.0;True;5700.0;True;False
30.000000;14.797000;298.0;298.000000;0.000000;True;5700.0;True;5700.0;True;298.0;True;5700.0;True;5700.0;True;False
30.109000;14.906000;298.0;298.000000;0.000000;True;5850.0;True;5700.0;True;298.0;True;5850.0;True;5700.0;True;False
