timestamp;elapsed_s;phase;level_raw;rolling_median_level;heartbeat;watchdog_healthy;watchdog_tripped;safety_reset;enable;dac;applied_enable;applied_dac
2026-07-31T15:59:27.869882;0.093;WAIT_MANUAL;380;380.0;13677;True;False;False;False;0;False;0
2026-07-31T15:59:28.056310;0.281;WAIT_MANUAL;390;385.0;13677;True;False;False;False;0;False;0
2026-07-31T15:59:28.253119;0.468;WAIT_MANUAL;380;380.0;13678;True;False;False;False;0;False;0
2026-07-31T15:59:28.450321;0.671;WAIT_MANUAL;390;385.0;13679;True;False;False;False;0;False;0
2026-07-31T15:59:28.628777;0.859;WAIT_MANUAL;380;380.0;13679;True;False;False;False;0;False;0
2026-07-31T15:59:28.820772;1.046;WAIT_MANUAL;380;380.0;13680;True;False;False;False;0;False;0
2026-07-31T15:59:29.000637;1.218;WAIT_MANUAL;380;380.0;13681;True;False;False;False;0;False;0
2026-07-31T15:59:29.175573;1.406;WAIT_MANUAL;390;380.0;13681;True;False;False;False;0;False;0
2026-07-31T15:59:29.353214;1.578;WAIT_MANUAL;380;380.0;13682;True;False;False;False;0;False;0
2026-07-31T15:59:29.545799;1.765;WAIT_MANUAL;380;380.0;13683;True;False;False;False;0;False;0
2026-07-31T15:59:29.736420;1.953;WAIT_MANUAL;390;380.0;13683;True;False;False;False;0;False;0
2026-07-31T15:59:29.932148;2.156;WAIT_MANUAL;390;380.0;13684;True;False;False;False;0;False;0
2026-07-31T15:59:30.117703;2.343;WAIT_MANUAL;380;380.0;13685;True;False;False;False;0;False;0
2026-07-31T15:59:30.288968;2.515;WAIT_MANUAL;380;380.0;13685;True;False;False;False;0;False;0
2026-07-31T15:59:30.464832;2.687;WAIT_MANUAL;390;380.0;13686;True;False;False;False;0;False;0
2026-07-31T15:59:30.639563;2.859;WAIT_MANUAL;380;380.0;13687;True;False;False;False;0;False;0
2026-07-31T15:59:30.813757;3.031;WAIT_MANUAL;380;380.0;13687;True;False;False;False;0;False;0
2026-07-31T15:59:30.991156;3.218;WAIT_MANUAL;370;380.0;13688;True;False;False;False;0;False;0
2026-07-31T15:59:31.166779;3.39;WAIT_MANUAL;380;380.0;13689;True;False;False;False;0;False;0
2026-07-31T15:59:31.343553;3.562;WAIT_MANUAL;380;380.0;13690;True;False;False;False;0;False;0
2026-07-31T15:59:31.536220;3.765;WAIT_MANUAL;380;380.0;13690;True;False;False;False;0;False;0
2026-07-31T15:59:31.725031;3.953;WAIT_MANUAL;370;380.0;13691;True;False;False;False;0;False;0
2026-07-31T15:59:31.912827;4.14;WAIT_MANUAL;380;380.0;13692;True;False;False;False;0;False;0
2026-07-31T15:59:32.093330;4.312;WAIT_MANUAL;380;380.0;13692;True;False;False;False;0;False;0
2026-07-31T15:59:32.285037;4.515;WAIT_MANUAL;370;380.0;13693;True;False;False;False;0;False;0
2026-07-31T15:59:32.494782;4.718;WAIT_MANUAL;380;380.0;13694;True;False;False;False;0;False;0
2026-07-31T15:59:32.678716;4.906;WAIT_MANUAL;380;380.0;13694;True;False;False;False;0;False;0
2026-07-31T15:59:32.867090;5.093;WAIT_MANUAL;380;380.0;13695;True;False;False;False;0;False;0
2026-07-31T15:59:33.047805;5.265;WAIT_MANUAL;380;380.0;13696;True;False;False;False;0;False;0
2026-07-31T15:59:33.246348;5.468;WAIT_MANUAL;390;380.0;13696;True;False;False;False;0;False;0
2026-07-31T15:59:33.435465;5.656;WAIT_MANUAL;380;380.0;13697;True;False;False;False;0;False;0
2026-07-31T15:59:33.628840;5.859;WAIT_MANUAL;380;380.0;13698;True;False;False;False;0;False;0
2026-07-31T15:59:33.811164;6.031;WAIT_MANUAL;380;380.0;13699;True;False;False;False;0;False;0
2026-07-31T15:59:33.989115;6.218;WAIT_MANUAL;370;380.0;13699;True;False;False;False;0;False;0
2026-07-31T15:59:34.184190;6.406;WAIT_MANUAL;390;380.0;13700;True;False;False;False;0;False;0
2026-07-31T15:59:34.372540;6.593;WAIT_MANUAL;390;380.0;13701;True;False;False;False;0;False;0
2026-07-31T15:59:34.543390;6.765;WAIT_MANUAL;380;380.0;13701;True;False;False;False;0;False;0
2026-07-31T15:59:34.718092;6.937;WAIT_MANUAL;380;380.0;13702;True;False;False;False;0;False;0
2026-07-31T15:59:34.896548;7.125;WAIT_MANUAL;380;380.0;13703;True;False;False;False;0;False;0
2026-07-31T15:59:35.076665;7.296;WAIT_MANUAL;390;380.0;13703;True;False;False;False;0;False;0
2026-07-31T15:59:35.273609;7.5;WAIT_MANUAL;380;380.0;13704;True;False;False;False;0;False;0
2026-07-31T15:59:35.468299;7.687;WAIT_MANUAL;380;380.0;13705;True;False;False;False;0;False;0
2026-07-31T15:59:35.643462;7.859;WAIT_MANUAL;380;380.0;13705;True;False;False;False;0;False;0
2026-07-31T15:59:35.857151;8.078;WAIT_MANUAL;370;380.0;13706;True;False;False;False;0;False;0
2026-07-31T15:59:36.025251;8.25;WAIT_MANUAL;390;380.0;13707;True;False;False;False;0;False;0
2026-07-31T15:59:36.200296;8.421;WAIT_MANUAL;380;380.0;13707;True;False;False;False;0;False;0
2026-07-31T15:59:36.375289;8.593;WAIT_MANUAL;390;380.0;13708;True;False;False;False;0;False;0
2026-07-31T15:59:36.549332;8.765;WAIT_MANUAL;380;380.0;13709;True;False;False;False;0;False;0
2026-07-31T15:59:36.727844;8.953;WAIT_MANUAL;380;380.0;13709;True;False;False;False;0;False;0
2026-07-31T15:59:36.901894;9.125;WAIT_MANUAL;390;380.0;13710;True;False;False;False;0;False;0
2026-07-31T15:59:37.079022;9.296;WAIT_MANUAL;380;380.0;13711;True;False;False;False;0;False;0
2026-07-31T15:59:37.270377;9.5;WAIT_MANUAL;400;380.0;13711;True;False;False;False;0;False;0
2026-07-31T15:59:37.445621;9.671;WAIT_MANUAL;390;390.0;13712;True;False;False;False;0;False;0
2026-07-31T15:59:37.622823;9.843;WAIT_MANUAL;380;380.0;13713;True;False;False;False;0;False;0
2026-07-31T15:59:37.798956;10.015;WAIT_MANUAL;380;380.0;13714;True;False;False;False;0;False;0
2026-07-31T15:59:37.980653;10.203;WAIT_MANUAL;380;380.0;13714;True;False;False;False;0;False;0
2026-07-31T15:59:38.149472;10.375;WAIT_MANUAL;380;380.0;13715;True;False;False;False;0;False;0
2026-07-31T15:59:38.328030;10.546;WAIT_MANUAL;380;380.0;13716;True;False;False;False;0;False;0
2026-07-31T15:59:38.508122;10.734;WAIT_MANUAL;380;380.0;13716;True;False;False;False;0;False;0
2026-07-31T15:59:38.691320;10.921;WAIT_MANUAL;380;380.0;13717;True;False;False;False;0;False;0
2026-07-31T15:59:38.866097;11.093;WAIT_MANUAL;380;380.0;13718;True;False;False;False;0;False;0
2026-07-31T15:59:39.051045;11.281;WAIT_MANUAL;370;380.0;13718;True;False;False;False;0;False;0
2026-07-31T15:59:39.237882;11.468;WAIT_MANUAL;380;380.0;13719;True;False;False;False;0;False;0
2026-07-31T15:59:39.414838;11.64;WAIT_MANUAL;380;380.0;13720;True;False;False;False;0;False;0
2026-07-31T15:59:39.608038;11.828;WAIT_MANUAL;370;380.0;13720;True;False;False;False;0;False;0
2026-07-31T15:59:39.783275;12.0;WAIT_MANUAL;380;380.0;13721;True;False;False;False;0;False;0
2026-07-31T15:59:39.959984;12.187;WAIT_MANUAL;370;380.0;13722;True;False;False;False;0;False;0
2026-07-31T15:59:40.130945;12.359;WAIT_MANUAL;370;380.0;13722;True;False;False;False;0;False;0
2026-07-31T15:59:40.305515;12.531;WAIT_MANUAL;380;380.0;13723;True;False;False;False;0;False;0
2026-07-31T15:59:40.481865;12.703;WAIT_MANUAL;380;380.0;13724;True;False;False;False;0;False;0
2026-07-31T15:59:40.679886;12.906;WAIT_MANUAL;380;380.0;13724;True;False;False;False;0;False;0
2026-07-31T15:59:40.854873;13.078;WAIT_MANUAL;370;380.0;13725;True;False;False;False;0;False;0
2026-07-31T15:59:41.026684;13.25;WAIT_MANUAL;380;380.0;13726;True;False;False;False;0;False;0
2026-07-31T15:59:41.217863;13.437;WAIT_MANUAL;370;380.0;13726;True;False;False;False;0;False;0
2026-07-31T15:59:41.392748;13.609;WAIT_MANUAL;370;370.0;13727;True;False;False;False;0;False;0
2026-07-31T15:59:41.572888;13.796;WAIT_MANUAL;370;370.0;13728;True;False;False;False;0;False;0
2026-07-31T15:59:41.743814;13.968;WAIT_MANUAL;370;370.0;13729;True;False;False;False;0;False;0
2026-07-31T15:59:41.920003;14.14;WAIT_MANUAL;370;370.0;13729;True;False;False;False;0;False;0
2026-07-31T15:59:42.145194;14.375;WAIT_MANUAL;370;370.0;13730;True;False;False;False;0;False;0
2026-07-31T15:59:42.336101;14.562;WAIT_MANUAL;370;370.0;13731;True;False;False;False;0;False;0
2026-07-31T15:59:42.512437;14.734;WAIT_MANUAL;380;370.0;13731;True;False;False;False;0;False;0
2026-07-31T15:59:42.687333;14.906;WAIT_MANUAL;360;370.0;13732;True;False;False;True;150;True;150
2026-07-31T15:59:42.703095;14.921;RAMP_12000;360;370.0;13732;True;False;False;True;150;True;150
2026-07-31T15:59:42.862370;15.093;RAMP_12000;298;370.0;13733;True;False;False;True;300;True;150
2026-07-31T15:59:43.040111;15.265;RAMP_12000;156;370.0;13733;True;False;False;True;450;True;450
2026-07-31T15:59:43.226615;15.453;RAMP_12000;267;360.0;13734;True;False;False;True;450;True;450
2026-07-31T15:59:43.406171;15.625;RAMP_12000;166;360.0;13735;True;False;False;True;750;True;600
2026-07-31T15:59:43.580606;15.796;RAMP_12000;186;298.0;13735;True;False;False;True;900;True;900
2026-07-31T15:59:43.759751;15.984;RAMP_12000;257;267.0;13736;True;False;False;True;900;True;900
2026-07-31T15:59:43.933842;16.156;RAMP_12000;278;267.0;13737;True;False;False;True;1200;True;1050
2026-07-31T15:59:44.110729;16.328;RAMP_12000;217;257.0;13737;True;False;False;True;1350;True;1350
2026-07-31T15:59:44.287275;16.515;RAMP_12000;186;217.0;13738;True;False;False;True;1500;True;1500
2026-07-31T15:59:44.461375;16.687;RAMP_12000;350;217.0;13739;True;False;False;True;1800;True;1650
2026-07-31T15:59:44.640243;16.859;RAMP_12000;176;217.0;13739;True;False;False;True;1950;True;1950
2026-07-31T15:59:44.815480;17.046;RAMP_12000;227;217.0;13740;True;False;False;True;2100;True;2100
2026-07-31T15:59:45.037638;17.265;RAMP_12000;360;227.0;13741;True;False;False;True;2100;True;2100
2026-07-31T15:59:45.213663;17.437;RAMP_12000;136;227.0;13742;True;False;False;True;2400;True;2400
2026-07-31T15:59:45.388617;17.609;RAMP_12000;370;227.0;13742;True;False;False;True;2400;True;2400
2026-07-31T15:59:45.564704;17.781;RAMP_12000;380;227.0;13743;True;False;False;True;2550;True;2550
2026-07-31T15:59:45.739259;17.968;RAMP_12000;257;257.0;13744;True;False;False;True;2700;True;2700
2026-07-31T15:59:45.917916;18.14;RAMP_12000;380;350.0;13745;True;False;False;True;2850;True;2850
2026-07-31T15:59:46.092754;18.312;RAMP_12000;400;360.0;13745;True;False;False;True;3150;True;3150
2026-07-31T15:59:46.267186;18.484;RAMP_12000;380;370.0;13746;True;False;False;True;3300;True;3300
2026-07-31T15:59:46.444185;18.671;RAMP_12000;400;380.0;13747;True;False;False;True;3450;True;3450
2026-07-31T15:59:46.619472;18.843;RAMP_12000;400;380.0;13748;True;False;False;True;3600;True;3600
2026-07-31T15:59:46.795041;19.015;RAMP_12000;390;380.0;13748;True;False;False;True;3900;True;3900
2026-07-31T15:59:46.979766;19.203;RAMP_12000;400;390.0;13749;True;False;False;True;3900;True;3900
2026-07-31T15:59:47.161474;19.39;RAMP_12000;247;390.0;13750;True;False;False;True;4050;True;4050
2026-07-31T15:59:47.338712;19.562;RAMP_12000;380;390.0;13750;True;False;False;True;4200;True;4200
2026-07-31T15:59:47.512174;19.734;RAMP_12000;421;400.0;13751;True;False;False;True;4500;True;4350
2026-07-31T15:59:47.691581;19.921;RAMP_12000;370;390.0;13752;True;False;False;True;4650;True;4650
2026-07-31T15:59:47.868597;20.093;RAMP_12000;421;400.0;13752;True;False;False;True;4800;True;4800
2026-07-31T15:59:48.047867;20.265;RAMP_12000;411;400.0;13753;True;False;False;True;5100;True;4950
2026-07-31T15:59:48.217141;20.437;RAMP_12000;411;400.0;13754;True;False;False;True;5250;True;5250
2026-07-31T15:59:48.394040;20.625;RAMP_12000;411;411.0;13755;True;False;False;True;5400;True;5400
2026-07-31T15:59:48.570185;20.796;RAMP_12000;411;411.0;13755;True;False;False;True;5550;True;5550
2026-07-31T15:59:48.744640;20.968;RAMP_12000;411;411.0;13756;True;False;False;True;5700;True;5550
2026-07-31T15:59:48.970839;21.187;RAMP_12000;370;411.0;13757;True;False;False;True;5850;True;5850
2026-07-31T15:59:49.146789;21.375;RAMP_12000;350;411.0;13758;True;False;False;True;6150;True;6000
2026-07-31T15:59:49.320902;21.546;RAMP_12000;390;411.0;13758;True;False;False;True;6300;True;6300
2026-07-31T15:59:49.495318;21.718;RAMP_12000;380;411.0;13759;True;False;False;True;6450;True;6450
2026-07-31T15:59:49.671482;21.89;RAMP_12000;400;400.0;13760;True;False;False;True;6600;True;6600
2026-07-31T15:59:49.845501;22.062;RAMP_12000;380;390.0;13760;True;False;False;True;6750;True;6750
2026-07-31T15:59:50.039921;22.265;RAMP_12000;431;390.0;13761;True;False;False;True;7050;True;6900
2026-07-31T15:59:50.277155;22.5;RAMP_12000;421;390.0;13762;True;False;False;True;7200;True;7200
2026-07-31T15:59:50.451302;22.671;RAMP_12000;431;390.0;13763;True;False;False;True;7500;True;7350
2026-07-31T15:59:50.644749;22.875;RAMP_12000;411;400.0;13764;True;False;False;True;7650;True;7650
2026-07-31T15:59:50.851792;23.078;RAMP_12000;431;411.0;13764;True;False;False;True;7950;True;7800
2026-07-31T15:59:51.039920;23.265;RAMP_12000;350;411.0;13765;True;False;False;True;8250;True;8100
2026-07-31T15:59:51.222220;23.453;RAMP_12000;380;411.0;13766;True;False;False;True;8400;True;8400
2026-07-31T15:59:51.397185;23.625;RAMP_12000;247;411.0;13767;True;False;False;True;8700;True;8700
2026-07-31T15:59:51.591115;23.812;RAMP_12000;267;411.0;13767;True;False;False;True;8850;True;8850
2026-07-31T15:59:51.763508;23.984;RAMP_12000;318;380.0;13768;True;False;False;True;9000;True;8850
2026-07-31T15:59:51.942283;24.171;RAMP_12000;350;350.0;13769;True;False;False;True;9150;True;9150
2026-07-31T15:59:52.116357;24.343;RAMP_12000;390;350.0;13770;True;False;False;True;9300;True;9300
2026-07-31T15:59:52.293292;24.515;RAMP_12000;482;350.0;13770;True;False;False;True;9600;True;9600
2026-07-31T15:59:52.476954;24.703;RAMP_12000;390;350.0;13771;True;False;False;True;9750;True;9900
2026-07-31T15:59:52.644860;24.875;RAMP_12000;421;380.0;13772;True;False;False;True;10050;True;9900
2026-07-31T15:59:52.821318;25.046;RAMP_12000;522;390.0;13773;True;False;False;True;10200;True;10200
2026-07-31T15:59:53.012776;25.234;RAMP_12000;441;390.0;13773;True;False;False;True;10350;True;10350
2026-07-31T15:59:53.204703;25.421;RAMP_12000;553;421.0;13774;True;False;False;True;10650;True;10650
2026-07-31T15:59:53.380735;25.609;RAMP_12000;532;441.0;13775;True;False;False;True;10950;True;10950
2026-07-31T15:59:53.555385;25.781;RAMP_12000;411;441.0;13775;True;False;False;True;11100;True;11100
2026-07-31T15:59:53.731157;25.953;RAMP_12000;532;482.0;13776;True;False;False;True;11400;True;11250
2026-07-31T15:59:53.889790;26.109;RAMP_12000;370;441.0;13777;True;False;False;True;11550;True;11550
2026-07-31T15:59:54.082581;26.312;RAMP_12000;350;441.0;13778;True;False;False;True;11700;True;11700
2026-07-31T15:59:54.256294;26.484;RAMP_12000;492;492.0;13778;True;False;False;True;12000;True;11850
2026-07-31T15:59:54.431180;26.656;RAMP_12000;380;441.0;13779;True;False;False;True;12000;True;12000
2026-07-31T15:59:54.447188;26.671;WAIT_STAGE;380;411.0;13779;True;False;False;True;12000;True;12000
2026-07-31T15:59:54.639819;26.859;WAIT_STAGE;441;411.0;13780;True;False;False;True;12000;True;12000
2026-07-31T15:59:54.814936;27.031;WAIT_STAGE;360;380.0;13781;True;False;False;True;12000;True;12000
2026-07-31T15:59:54.977217;27.203;WAIT_STAGE;492;380.0;13781;True;False;False;True;12000;True;12000
2026-07-31T15:59:55.153055;27.375;WAIT_STAGE;522;380.0;13782;True;False;False;True;12000;True;12000
2026-07-31T15:59:55.328048;27.546;WAIT_STAGE;318;380.0;13783;True;False;False;True;12000;True;12000
2026-07-31T15:59:55.503987;27.734;WAIT_STAGE;288;380.0;13783;True;False;False;True;12000;True;12000
2026-07-31T15:59:55.682567;27.906;WAIT_STAGE;328;380.0;13784;True;False;False;True;12000;True;12000
2026-07-31T15:59:55.854793;28.078;WAIT_STAGE;360;360.0;13785;True;False;False;True;12000;True;12000
2026-07-31T15:59:56.032025;28.25;WAIT_STAGE;340;360.0;13786;True;False;False;True;12000;True;12000
2026-07-31T15:59:56.206525;28.437;WAIT_STAGE;471;360.0;13786;True;False;False;True;12000;True;12000
2026-07-31T15:59:56.388379;28.609;WAIT_STAGE;471;360.0;13787;True;False;False;True;12000;True;12000
2026-07-31T15:59:56.650025;28.875;WAIT_STAGE;411;360.0;13788;True;False;False;True;12000;True;12000
2026-07-31T15:59:56.832167;29.062;WAIT_STAGE;421;360.0;13789;True;False;False;True;12000;True;12000
2026-07-31T15:59:57.000082;29.218;WAIT_STAGE;492;411.0;13789;True;False;False;True;12000;True;12000
2026-07-31T15:59:57.184410;29.406;WAIT_STAGE;370;411.0;13790;True;False;False;True;12000;True;12000
2026-07-31T15:59:57.357642;29.578;WAIT_STAGE;370;411.0;13791;True;False;False;True;12000;True;12000
2026-07-31T15:59:57.564528;29.781;WAIT_STAGE;411;411.0;13791;True;False;False;True;12000;True;12000
2026-07-31T15:59:57.740212;29.968;WAIT_STAGE;360;411.0;13792;True;False;False;True;12000;True;12000
2026-07-31T15:59:57.915196;30.14;WAIT_STAGE;370;411.0;13793;True;False;False;True;12000;True;12000
2026-07-31T15:59:58.092707;30.312;WAIT_STAGE;370;370.0;13793;True;False;False;True;12000;True;12000
2026-07-31T15:59:58.283789;30.515;WAIT_STAGE;370;370.0;13794;True;False;False;True;12000;True;12000
2026-07-31T15:59:58.458271;30.687;WAIT_STAGE;360;370.0;13795;True;False;False;True;12000;True;12000
2026-07-31T15:59:58.651297;30.875;WAIT_STAGE;400;370.0;13796;True;False;False;True;12000;True;12000
2026-07-31T15:59:58.825938;31.046;WAIT_STAGE;421;370.0;13796;True;False;False;True;12000;True;12000
2026-07-31T15:59:59.001041;31.218;WAIT_STAGE;370;370.0;13797;True;False;False;True;12000;True;12000
2026-07-31T15:59:59.195150;31.421;WAIT_STAGE;471;370.0;13798;True;False;False;True;12000;True;12000
2026-07-31T15:59:59.370756;31.593;WAIT_STAGE;461;370.0;13799;True;False;False;True;12000;True;12000
2026-07-31T15:59:59.546457;31.765;WAIT_STAGE;411;400.0;13799;True;False;False;True;12000;True;12000
2026-07-31T15:59:59.723663;31.953;WAIT_STAGE;451;411.0;13800;True;False;False;True;12000;True;12000
2026-07-31T15:59:59.897699;32.125;WAIT_STAGE;451;421.0;13801;True;False;False;True;12000;True;12000
2026-07-31T16:00:00.089982;32.312;WAIT_STAGE;441;441.0;13801;True;False;False;True;12000;True;12000
2026-07-31T16:00:00.265431;32.484;WAIT_STAGE;380;441.0;13802;True;False;False;True;12000;True;12000
2026-07-31T16:00:00.441266;32.671;WAIT_STAGE;471;451.0;13803;True;False;False;True;12000;True;12000
2026-07-31T16:00:00.615954;32.843;WAIT_STAGE;451;451.0;13804;True;False;False;True;12000;True;12000
2026-07-31T16:00:00.791986;33.015;WAIT_STAGE;441;451.0;13804;True;False;False;True;11850;True;11850
2026-07-31T16:00:00.966507;33.187;WAIT_STAGE;421;441.0;13805;True;False;False;True;11700;True;11700
2026-07-31T16:00:01.146025;33.375;WAIT_STAGE;461;451.0;13806;True;False;False;True;11700;True;11700
2026-07-31T16:00:01.321495;33.546;WAIT_STAGE;471;451.0;13806;True;False;False;True;11700;True;11700
2026-07-31T16:00:01.494960;33.718;WAIT_STAGE;431;441.0;13807;True;False;False;True;11700;True;11700
2026-07-31T16:00:01.669389;33.89;WAIT_STAGE;431;441.0;13808;True;False;False;True;11700;True;11700
2026-07-31T16:00:01.843898;34.062;WAIT_STAGE;400;441.0;13808;True;False;False;True;11700;True;11700
2026-07-31T16:00:02.034246;34.265;WAIT_STAGE;350;431.0;13809;True;False;False;True;11700;True;11700
2026-07-31T16:00:02.065722;34.296;WAIT_AUTO;350;431.0;13809;True;False;False;True;11700;True;11700
2026-07-31T16:00:02.247158;34.468;WAIT_AUTO;328;421.0;13810;True;False;False;True;11700;True;11700
2026-07-31T16:00:02.429379;34.656;WAIT_AUTO;421;421.0;13811;True;False;False;True;11700;True;11700
2026-07-31T16:00:02.614898;34.843;WAIT_AUTO;350;400.0;13811;True;False;False;True;11700;True;11700
2026-07-31T16:00:02.793362;35.015;WAIT_AUTO;411;400.0;13812;True;False;False;True;11700;True;11700
2026-07-31T16:00:02.966261;35.187;WAIT_AUTO;421;400.0;13813;True;False;False;True;11700;True;11700
2026-07-31T16:00:03.150557;35.375;WAIT_AUTO;421;400.0;13813;True;False;False;True;11700;True;11700
2026-07-31T16:00:03.318060;35.546;WAIT_AUTO;451;411.0;13814;True;False;False;True;11700;True;11700
2026-07-31T16:00:03.498125;35.718;WAIT_AUTO;461;421.0;13815;True;False;False;True;11700;True;11700
2026-07-31T16:00:03.685988;35.906;WAIT_AUTO;512;421.0;13816;True;False;False;True;11700;True;11700
2026-07-31T16:00:03.862251;36.093;WAIT_AUTO;482;421.0;13816;True;False;False;True;11700;True;11700
2026-07-31T16:00:04.037697;36.265;WAIT_AUTO;492;451.0;13817;True;False;False;True;11700;True;11700
2026-07-31T16:00:04.212734;36.437;WAIT_AUTO;583;461.0;13818;True;False;False;True;11700;True;11700
2026-07-31T16:00:04.403790;36.625;WAIT_AUTO;512;482.0;13818;True;False;False;True;11700;True;11700
2026-07-31T16:00:04.595550;36.812;WAIT_AUTO;512;492.0;13819;True;False;False;True;11700;True;11700
2026-07-31T16:00:04.771578;37.0;WAIT_AUTO;625;512.0;13820;True;False;False;True;11700;True;11700
2026-07-31T16:00:04.945844;37.171;WAIT_AUTO;563;512.0;13821;True;False;False;True;11700;True;11700
2026-07-31T16:00:05.116382;37.343;WAIT_AUTO;635;512.0;13821;True;False;False;True;11700;True;11700
2026-07-31T16:00:05.302996;37.531;WAIT_AUTO;635;563.0;13822;True;False;False;True;11700;True;11700
2026-07-31T16:00:05.474005;37.703;WAIT_AUTO;635;583.0;13823;True;False;False;True;11700;True;11700
2026-07-31T16:00:05.649260;37.875;WAIT_AUTO;615;615.0;13823;True;False;False;True;11700;True;11700
2026-07-31T16:00:05.826140;38.046;WAIT_AUTO;603;615.0;13824;True;False;False;True;11700;True;11700
2026-07-31T16:00:06.001703;38.218;WAIT_AUTO;553;615.0;13825;True;False;False;True;11700;True;11700
2026-07-31T16:00:06.187646;38.406;WAIT_AUTO;532;615.0;13825;True;False;False;True;11700;True;11700
2026-07-31T16:00:06.368975;38.593;WAIT_AUTO;522;603.0;13826;True;False;False;True;11688;True;11700
2026-07-31T16:00:06.544049;38.765;WAIT_AUTO;512;603.0;13827;True;False;False;True;11688;True;11688
2026-07-31T16:00:06.719014;38.937;WAIT_AUTO;532;553.0;13828;True;False;False;True;11682;True;11682
2026-07-31T16:00:06.901436;39.125;WAIT_AUTO;583;553.0;13828;True;False;False;True;11677;True;11677
2026-07-31T16:00:07.068883;39.296;WAIT_AUTO;603;553.0;13829;True;False;False;True;11670;True;11650
2026-07-31T16:00:07.280900;39.5;WAIT_AUTO;625;553.0;13830;True;False;False;True;11638;True;11650
2026-07-31T16:00:07.454914;39.671;WAIT_AUTO;655;553.0;13831;True;False;False;True;11625;True;11638
2026-07-31T16:00:07.629513;39.859;WAIT_AUTO;625;583.0;13831;True;False;False;True;11609;True;11609
2026-07-31T16:00:07.804183;40.031;WAIT_AUTO;655;603.0;13832;True;False;False;True;11596;True;11596
2026-07-31T16:00:07.979997;40.203;WAIT_AUTO;655;625.0;13833;True;False;False;True;11583;True;11583
2026-07-31T16:00:08.155230;40.375;WAIT_AUTO;603;625.0;13833;True;False;False;True;11583;True;11583
2026-07-31T16:00:08.335872;40.562;WAIT_AUTO;645;625.0;13834;True;False;False;True;11556;True;11569
2026-07-31T16:00:08.512047;40.734;WAIT_AUTO;615;625.0;13835;True;False;False;True;11533;True;11533
2026-07-31T16:00:08.702751;40.921;WAIT_AUTO;635;635.0;13836;True;False;False;True;11533;True;11533
2026-07-31T16:00:08.879007;41.109;WAIT_AUTO;615;635.0;13836;True;False;False;True;11510;True;11510
2026-07-31T16:00:08.904623;41.125;AUTO_ACTIVE;625;625.0;13836;True;False;False;True;11510;True;11510
2026-07-31T16:00:09.073611;41.296;AUTO_ACTIVE;716;635.0;13837;True;False;False;True;11489;True;11489
2026-07-31T16:00:09.262506;41.484;AUTO_ACTIVE;696;635.0;13838;True;False;False;True;11461;True;11478
2026-07-31T16:00:09.436787;41.656;AUTO_ACTIVE;655;635.0;13839;True;False;False;True;11461;True;11461
2026-07-31T16:00:09.616087;41.843;AUTO_ACTIVE;696;645.0;13839;True;False;False;True;11421;True;11432
2026-07-31T16:00:09.791646;42.015;AUTO_ACTIVE;726;655.0;13840;True;False;False;True;11406;True;11406
2026-07-31T16:00:09.973840;42.203;AUTO_ACTIVE;716;696.0;13841;True;False;False;True;11406;True;11376
2026-07-31T16:00:10.141900;42.359;AUTO_ACTIVE;736;696.0;13841;True;False;False;True;11376;True;11376
2026-07-31T16:00:10.327054;42.546;AUTO_ACTIVE;706;706.0;13842;True;False;False;True;11345;True;11345
2026-07-31T16:00:10.507487;42.734;AUTO_ACTIVE;767;716.0;13843;True;False;False;True;11318;True;11345
2026-07-31T16:00:10.678354;42.906;AUTO_ACTIVE;767;716.0;13843;True;False;False;True;11303;True;11303
2026-07-31T16:00:10.875822;43.093;AUTO_ACTIVE;767;726.0;13844;True;False;False;True;11285;True;11285
2026-07-31T16:00:11.046796;43.265;AUTO_ACTIVE;787;736.0;13845;True;False;False;True;11250;True;11250
2026-07-31T16:00:11.221313;43.453;AUTO_ACTIVE;726;736.0;13846;True;False;False;True;11250;True;11250
2026-07-31T16:00:11.397200;43.625;AUTO_ACTIVE;655;736.0;13846;True;False;False;True;11231;True;11231
2026-07-31T16:00:11.573024;43.796;AUTO_ACTIVE;675;736.0;13847;True;False;False;True;11206;True;11206
2026-07-31T16:00:11.749072;43.968;AUTO_ACTIVE;665;726.0;13848;True;False;False;True;11190;True;11206
2026-07-31T16:00:11.931834;44.156;AUTO_ACTIVE;696;726.0;13848;True;False;False;True;11190;True;11190
2026-07-31T16:00:12.099007;44.328;AUTO_ACTIVE;675;696.0;13849;True;False;False;True;11172;True;11182
2026-07-31T16:00:12.275597;44.5;AUTO_ACTIVE;706;696.0;13850;True;False;False;True;11172;True;11172
2026-07-31T16:00:12.451708;44.671;AUTO_ACTIVE;716;696.0;13851;True;False;False;True;11162;True;11162
2026-07-31T16:00:12.626197;44.843;AUTO_ACTIVE;716;696.0;13851;True;False;False;True;11131;True;11142
2026-07-31T16:00:12.802854;45.031;AUTO_ACTIVE;655;675.0;13852;True;False;False;True;11131;True;11131
2026-07-31T16:00:12.978255;45.203;AUTO_ACTIVE;706;696.0;13853;True;False;False;True;11131;True;11131
2026-07-31T16:00:13.152433;45.375;AUTO_ACTIVE;706;706.0;13853;True;False;False;True;11118;True;11118
2026-07-31T16:00:13.324889;45.546;AUTO_ACTIVE;645;706.0;13854;True;False;False;True;11109;True;11109
2026-07-31T16:00:13.516771;45.734;AUTO_ACTIVE;686;706.0;13855;True;False;False;True;11104;True;11104
2026-07-31T16:00:13.693724;45.921;AUTO_ACTIVE;583;706.0;13855;True;False;False;True;11104;True;11104
2026-07-31T16:00:13.869284;46.093;AUTO_ACTIVE;593;686.0;13856;True;False;False;True;11096;True;11090
2026-07-31T16:00:14.044028;46.265;AUTO_ACTIVE;686;686.0;13857;True;False;False;True;11090;True;11090
2026-07-31T16:00:14.219209;46.437;AUTO_ACTIVE;573;655.0;13858;True;False;False;True;11090;True;11090
2026-07-31T16:00:14.393297;46.625;AUTO_ACTIVE;522;645.0;13858;True;False;False;True;11082;True;11082
2026-07-31T16:00:14.567121;46.796;AUTO_ACTIVE;512;593.0;13859;True;False;False;True;11093;True;11093
2026-07-31T16:00:14.741370;46.968;AUTO_ACTIVE;482;583.0;13860;True;False;False;True;11099;True;11093
2026-07-31T16:00:14.918715;47.14;AUTO_ACTIVE;451;573.0;13861;True;False;False;True;11106;True;11106
2026-07-31T16:00:15.094129;47.312;AUTO_ACTIVE;492;522.0;13861;True;False;False;True;11126;True;11126
2026-07-31T16:00:15.273047;47.5;AUTO_ACTIVE;512;512.0;13862;True;False;False;True;11126;True;11126
2026-07-31T16:00:15.449172;47.671;AUTO_ACTIVE;502;512.0;13863;True;False;False;True;11142;True;11142
2026-07-31T16:00:15.624452;47.843;AUTO_ACTIVE;573;512.0;13863;True;False;False;True;11153;True;11153
2026-07-31T16:00:15.801595;48.031;AUTO_ACTIVE;593;512.0;13864;True;False;False;True;11153;True;11153
2026-07-31T16:00:15.991808;48.218;AUTO_ACTIVE;553;512.0;13865;True;False;False;True;11157;True;11157
2026-07-31T16:00:16.166710;48.39;AUTO_ACTIVE;583;512.0;13866;True;False;False;True;11157;True;11157
2026-07-31T16:00:16.344964;48.562;AUTO_ACTIVE;603;553.0;13866;True;False;False;True;11158;True;11157
2026-07-31T16:00:16.519446;48.75;AUTO_ACTIVE;583;573.0;13867;True;False;False;True;11158;True;11158
2026-07-31T16:00:16.695329;48.921;AUTO_ACTIVE;522;573.0;13868;True;False;False;True;11155;True;11155
2026-07-31T16:00:16.870834;49.093;AUTO_ACTIVE;512;573.0;13868;True;False;False;True;11155;True;11155
2026-07-31T16:00:17.047773;49.265;AUTO_ACTIVE;583;583.0;13869;True;False;False;True;11156;True;11156
2026-07-31T16:00:17.235751;49.453;AUTO_ACTIVE;502;583.0;13870;True;False;False;True;11156;True;11156
2026-07-31T16:00:17.419485;49.64;AUTO_ACTIVE;512;553.0;13870;True;False;False;True;11155;True;11155
2026-07-31T16:00:17.596698;49.828;AUTO_ACTIVE;512;522.0;13871;True;False;False;True;11160;True;11160
2026-07-31T16:00:17.768099;50.0;AUTO_ACTIVE;502;512.0;13872;True;False;False;True;11164;True;11164
2026-07-31T16:00:17.942584;50.171;AUTO_ACTIVE;502;512.0;13872;True;False;False;True;11164;True;11164
2026-07-31T16:00:18.133487;50.359;AUTO_ACTIVE;583;512.0;13873;True;False;False;True;11169;True;11169
2026-07-31T16:00:18.308952;50.531;AUTO_ACTIVE;512;512.0;13874;True;False;False;True;11168;True;11168
2026-07-31T16:00:18.499795;50.718;AUTO_ACTIVE;492;512.0;13875;True;False;False;True;11169;True;11169
2026-07-31T16:00:18.674252;50.906;AUTO_ACTIVE;563;512.0;13875;True;False;False;True;11173;True;11173
2026-07-31T16:00:18.852851;51.078;AUTO_ACTIVE;502;512.0;13876;True;False;False;True;11180;True;11180
2026-07-31T16:00:19.027627;51.25;AUTO_ACTIVE;492;502.0;13877;True;False;False;True;11187;True;11182
2026-07-31T16:00:19.203886;51.421;AUTO_ACTIVE;543;502.0;13877;True;False;False;True;11187;True;11187
2026-07-31T16:00:19.395078;51.625;AUTO_ACTIVE;522;512.0;13878;True;False;False;True;11195;True;11195
2026-07-31T16:00:19.574161;51.796;AUTO_ACTIVE;502;512.0;13879;True;False;False;True;11196;True;11196
2026-07-31T16:00:19.746219;51.968;AUTO_ACTIVE;543;512.0;13880;True;False;False;True;11200;True;11200
2026-07-31T16:00:19.923890;52.156;AUTO_ACTIVE;390;502.0;13880;True;False;False;True;11209;True;11208
2026-07-31T16:00:20.099545;52.328;AUTO_ACTIVE;532;522.0;13881;True;False;False;True;11222;True;11222
2026-07-31T16:00:20.275138;52.5;AUTO_ACTIVE;553;522.0;13882;True;False;False;True;11222;True;11222
2026-07-31T16:00:20.449658;52.671;AUTO_ACTIVE;400;522.0;13882;True;False;False;True;11225;True;11225
2026-07-31T16:00:20.625788;52.843;AUTO_ACTIVE;502;522.0;13883;True;False;False;True;11225;True;11225
2026-07-31T16:00:20.801042;53.031;AUTO_ACTIVE;400;502.0;13884;True;False;False;True;11244;True;11244
2026-07-31T16:00:20.977442;53.203;AUTO_ACTIVE;411;502.0;13885;True;False;False;True;11244;True;11244
2026-07-31T16:00:21.151578;53.375;AUTO_ACTIVE;461;461.0;13885;True;False;False;True;11258;True;11258
2026-07-31T16:00:21.329271;53.546;AUTO_ACTIVE;431;431.0;13886;True;False;False;True;11276;True;11258
2026-07-31T16:00:21.521105;53.75;AUTO_ACTIVE;441;441.0;13887;True;False;False;True;11281;True;11281
2026-07-31T16:00:21.696019;53.921;AUTO_ACTIVE;451;441.0;13887;True;False;False;True;11290;True;11290
2026-07-31T16:00:21.871234;54.093;AUTO_ACTIVE;421;431.0;13888;True;False;False;True;11305;True;11305
2026-07-31T16:00:22.046802;54.265;AUTO_ACTIVE;411;431.0;13889;True;False;False;True;11314;True;11305
2026-07-31T16:00:22.220064;54.437;AUTO_ACTIVE;390;421.0;13889;True;False;False;True;11314;True;11314
2026-07-31T16:00:22.399439;54.625;AUTO_ACTIVE;318;421.0;13890;True;False;False;True;11334;True;11334
2026-07-31T16:00:22.573640;54.796;AUTO_ACTIVE;360;421.0;13891;True;False;False;True;11361;True;11361
2026-07-31T16:00:22.749685;54.968;AUTO_ACTIVE;360;411.0;13891;True;False;False;True;11361;True;11361
2026-07-31T16:00:22.931518;55.156;AUTO_ACTIVE;278;390.0;13892;True;False;False;True;11374;True;11374
2026-07-31T16:00:23.103249;55.328;AUTO_ACTIVE;471;390.0;13893;True;False;False;True;11374;True;11374
2026-07-31T16:00:23.290987;55.515;AUTO_ACTIVE;257;360.0;13894;True;False;False;True;11396;True;11396
2026-07-31T16:00:23.463839;55.687;AUTO_ACTIVE;257;360.0;13894;True;False;False;True;11399;True;11399
2026-07-31T16:00:23.654959;55.875;AUTO_ACTIVE;411;360.0;13895;True;False;False;True;11418;True;11418
2026-07-31T16:00:23.829604;56.046;AUTO_ACTIVE;207;318.0;13896;True;False;False;True;11451;True;11444
2026-07-31T16:00:24.005116;56.234;AUTO_ACTIVE;350;350.0;13896;True;False;False;True;11474;True;11474
2026-07-31T16:00:24.180161;56.406;AUTO_ACTIVE;340;340.0;13897;True;False;False;True;11507;True;11507
2026-07-31T16:00:24.438170;56.656;AUTO_ACTIVE;328;328.0;13898;True;False;False;True;11519;True;11519
2026-07-31T16:00:24.616435;56.843;AUTO_ACTIVE;340;340.0;13899;True;False;False;True;11531;True;11531
2026-07-31T16:00:24.790692;57.015;AUTO_ACTIVE;400;340.0;13899;True;False;False;True;11542;True;11542
2026-07-31T16:00:24.966565;57.187;AUTO_ACTIVE;411;340.0;13900;True;False;False;True;11556;True;11556
2026-07-31T16:00:25.157472;57.375;AUTO_ACTIVE;380;350.0;13901;True;False;False;True;11556;True;11556
2026-07-31T16:00:25.335300;57.562;AUTO_ACTIVE;441;350.0;13902;True;False;False;True;11571;True;11571
2026-07-31T16:00:25.618624;57.843;AUTO_ACTIVE;400;380.0;13902;True;False;False;True;11576;True;11576
2026-07-31T16:00:25.811244;58.031;AUTO_ACTIVE;471;400.0;13903;True;False;False;True;11576;True;11576
2026-07-31T16:00:25.983432;58.203;AUTO_ACTIVE;471;400.0;13904;True;False;False;True;11581;True;11581
2026-07-31T16:00:26.144673;58.375;AUTO_ACTIVE;471;411.0;13905;True;False;False;True;11581;True;11581
2026-07-31T16:00:26.341260;58.562;AUTO_ACTIVE;461;441.0;13906;True;False;False;True;11582;True;11582
2026-07-31T16:00:26.516807;58.734;AUTO_ACTIVE;482;461.0;13906;True;False;False;True;11580;True;11582
2026-07-31T16:00:26.705504;58.937;AUTO_ACTIVE;370;461.0;13907;True;False;False;True;11580;True;11580
2026-07-31T16:00:26.884168;59.109;AUTO_ACTIVE;370;461.0;13908;True;False;False;True;11580;True;11580
2026-07-31T16:00:27.059988;59.281;AUTO_ACTIVE;451;461.0;13908;True;False;False;True;11587;True;11587
2026-07-31T16:00:27.238135;59.468;AUTO_ACTIVE;390;461.0;13909;True;False;False;True;11587;True;11587
2026-07-31T16:00:27.419982;59.64;AUTO_ACTIVE;451;451.0;13910;True;False;False;True;11595;True;11588
2026-07-31T16:00:27.611834;59.843;AUTO_ACTIVE;451;451.0;13910;True;False;False;True;11601;True;11601
2026-07-31T16:00:27.786684;60.015;AUTO_ACTIVE;340;451.0;13911;True;False;False;True;11604;True;11604
2026-07-31T16:00:27.963407;60.187;AUTO_ACTIVE;441;441.0;13912;True;False;False;True;11613;True;11613
2026-07-31T16:00:28.139658;60.359;AUTO_ACTIVE;421;421.0;13912;True;False;False;True;11613;True;11613
2026-07-31T16:00:28.314485;60.546;AUTO_ACTIVE;340;421.0;13913;True;False;False;True;11617;True;11617
2026-07-31T16:00:28.488266;60.718;AUTO_ACTIVE;482;441.0;13914;True;False;False;True;11620;True;11620
2026-07-31T16:00:28.666388;60.89;AUTO_ACTIVE;360;421.0;13914;True;False;False;True;11627;True;11620
2026-07-31T16:00:28.856652;61.078;AUTO_ACTIVE;370;421.0;13915;True;False;False;True;11627;True;11627
2026-07-31T16:00:29.041203;61.265;AUTO_ACTIVE;461;421.0;13916;True;False;False;True;11634;True;11634
2026-07-31T16:00:29.213376;61.437;AUTO_ACTIVE;340;370.0;13917;True;False;False;True;11631;True;11631
2026-07-31T16:00:29.385422;61.609;AUTO_ACTIVE;451;421.0;13917;True;False;False;True;11630;True;11630
2026-07-31T16:00:29.560723;61.781;AUTO_ACTIVE;441;421.0;13918;True;False;False;True;11639;True;11630
2026-07-31T16:00:29.742973;61.968;AUTO_ACTIVE;543;441.0;13919;True;False;False;True;11639;True;11639
2026-07-31T16:00:29.913521;62.14;AUTO_ACTIVE;431;441.0;13919;True;False;False;True;11639;True;11647
2026-07-31T16:00:30.089543;62.312;AUTO_ACTIVE;543;441.0;13920;True;False;False;True;11640;True;11640
2026-07-31T16:00:30.265018;62.484;AUTO_ACTIVE;553;451.0;13921;True;False;False;True;11634;True;11640
2026-07-31T16:00:30.443912;62.671;AUTO_ACTIVE;461;461.0;13921;True;False;False;True;11634;True;11634
2026-07-31T16:00:30.615092;62.843;AUTO_ACTIVE;563;461.0;13922;True;False;False;True;11626;True;11626
2026-07-31T16:00:30.791679;63.015;AUTO_ACTIVE;461;461.0;13923;True;False;False;True;11626;True;11626
2026-07-31T16:00:30.989368;63.218;AUTO_ACTIVE;461;461.0;13923;True;False;False;True;11610;True;11610
2026-07-31T16:00:31.161206;63.39;AUTO_ACTIVE;573;543.0;13924;True;False;False;True;11610;True;11610
2026-07-31T16:00:31.345895;63.578;AUTO_ACTIVE;411;461.0;13925;True;False;False;True;11599;True;11599
2026-07-31T16:00:31.534915;63.765;AUTO_ACTIVE;563;543.0;13926;True;False;False;True;11599;True;11599
2026-07-31T16:00:31.712095;63.937;AUTO_ACTIVE;563;553.0;13926;True;False;False;True;11595;True;11595
2026-07-31T16:00:31.887591;64.109;AUTO_ACTIVE;431;461.0;13927;True;False;False;True;11595;True;11595
2026-07-31T16:00:32.064127;64.296;AUTO_ACTIVE;553;553.0;13928;True;False;False;True;11594;True;11587
2026-07-31T16:00:32.255382;64.484;AUTO_ACTIVE;532;532.0;13928;True;False;False;True;11594;True;11594
2026-07-31T16:00:32.430412;64.656;AUTO_ACTIVE;441;532.0;13929;True;False;False;True;11582;True;11582
2026-07-31T16:00:32.624028;64.843;AUTO_ACTIVE;532;532.0;13930;True;False;False;True;11582;True;11582
2026-07-31T16:00:32.804496;65.031;AUTO_ACTIVE;471;532.0;13931;True;False;False;True;11578;True;11578
2026-07-31T16:00:32.975910;65.203;AUTO_ACTIVE;451;532.0;13931;True;False;False;True;11578;True;11578
2026-07-31T16:00:33.151294;65.375;AUTO_ACTIVE;400;471.0;13932;True;False;False;True;11578;True;11578
2026-07-31T16:00:33.326206;65.546;AUTO_ACTIVE;431;451.0;13933;True;False;False;True;11585;True;11585
2026-07-31T16:00:33.501520;65.734;AUTO_ACTIVE;431;451.0;13933;True;False;False;True;11585;True;11585
2026-07-31T16:00:33.697258;65.921;AUTO_ACTIVE;431;441.0;13934;True;False;False;True;11591;True;11591
2026-07-31T16:00:33.869371;66.093;AUTO_ACTIVE;471;441.0;13935;True;False;False;True;11593;True;11593
2026-07-31T16:00:34.063597;66.281;AUTO_ACTIVE;431;431.0;13935;True;False;False;True;11593;True;11593
2026-07-31T16:00:34.220623;66.453;AUTO_ACTIVE;400;431.0;13936;True;False;False;True;11594;True;11594
2026-07-31T16:00:34.395504;66.625;AUTO_ACTIVE;390;431.0;13937;True;False;False;True;11596;True;11596
2026-07-31T16:00:34.570445;66.796;AUTO_ACTIVE;370;431.0;13937;True;False;False;True;11607;True;11607
2026-07-31T16:00:34.827926;67.046;AUTO_ACTIVE;370;431.0;13938;True;False;False;True;11607;True;11607
2026-07-31T16:00:35.006137;67.234;AUTO_ACTIVE;390;400.0;13939;True;False;False;True;11622;True;11622
2026-07-31T16:00:35.180795;67.406;AUTO_ACTIVE;380;390.0;13940;True;False;False;True;11634;True;11634
2026-07-31T16:00:35.339617;67.562;AUTO_ACTIVE;380;390.0;13940;True;False;False;True;11634;True;11634
2026-07-31T16:00:35.529282;67.75;AUTO_ACTIVE;328;380.0;13941;True;False;False;True;11640;True;11634
2026-07-31T16:00:35.704633;67.937;AUTO_ACTIVE;360;380.0;13941;True;False;False;True;11640;True;11640
2026-07-31T16:00:35.898721;68.125;AUTO_ACTIVE;360;370.0;13942;True;False;False;True;11649;True;11649
2026-07-31T16:00:36.097935;68.328;AUTO_ACTIVE;298;370.0;13943;True;False;False;True;11666;True;11666
2026-07-31T16:00:36.277947;68.5;AUTO_ACTIVE;390;370.0;13944;True;False;False;True;11677;True;11677
2026-07-31T16:00:36.456895;68.687;AUTO_ACTIVE;340;360.0;13944;True;False;False;True;11691;True;11677
2026-07-31T16:00:36.632142;68.859;AUTO_ACTIVE;318;360.0;13945;True;False;False;True;11691;True;11691
2026-07-31T16:00:36.807025;69.031;AUTO_ACTIVE;411;360.0;13946;True;False;False;True;11709;True;11709
2026-07-31T16:00:37.015899;69.234;AUTO_ACTIVE;360;360.0;13946;True;False;False;True;11709;True;11709
2026-07-31T16:00:37.191986;69.421;AUTO_ACTIVE;471;360.0;13947;True;False;False;True;11718;True;11718
2026-07-31T16:00:37.368283;69.593;AUTO_ACTIVE;461;360.0;13948;True;False;False;True;11718;True;11718
2026-07-31T16:00:37.545008;69.765;AUTO_ACTIVE;380;380.0;13949;True;False;False;True;11719;True;11718
2026-07-31T16:00:37.722984;69.953;AUTO_ACTIVE;441;390.0;13949;True;False;False;True;11719;True;11719
2026-07-31T16:00:37.897153;70.125;AUTO_ACTIVE;380;380.0;13950;True;False;False;True;11722;True;11722
2026-07-31T16:00:38.076605;70.296;AUTO_ACTIVE;380;380.0;13951;True;False;False;True;11721;True;11721
2026-07-31T16:00:38.248653;70.468;AUTO_ACTIVE;298;380.0;13951;True;False;False;True;11725;True;11725
2026-07-31T16:00:38.433058;70.656;AUTO_ACTIVE;370;380.0;13952;True;False;False;True;11725;True;11725
2026-07-31T16:00:38.608496;70.828;AUTO_ACTIVE;328;380.0;13952;True;False;False;True;11730;True;11730
2026-07-31T16:00:38.784189;71.015;AUTO_ACTIVE;380;380.0;13953;True;False;False;True;11730;True;11730
2026-07-31T16:02:23.254421;175.484;DISABLE_OUTPUT;411;380.0;14364;True;False;False;False;2686;False;0
2026-07-31T16:02:23.280120;175.515;RETURN_ZERO;411;380.0;14364;True;False;False;False;2686;False;0
2026-07-31T16:02:23.467295;175.703;RETURN_ZERO;411;380.0;14365;True;False;False;False;2536;False;0
2026-07-31T16:02:23.638330;175.859;RETURN_ZERO;421;380.0;14366;True;False;False;False;2386;False;0
2026-07-31T16:02:23.815845;176.046;RETURN_ZERO;400;400.0;14366;True;False;False;False;2386;False;0
2026-07-31T16:02:23.988730;176.218;RETURN_ZERO;421;411.0;14367;True;False;False;False;2236;False;0
2026-07-31T16:02:24.169458;176.39;RETURN_ZERO;411;411.0;14368;True;False;False;False;1936;False;0
2026-07-31T16:02:24.329132;176.562;RETURN_ZERO;411;411.0;14368;True;False;False;False;1936;False;0
2026-07-31T16:02:24.508027;176.734;RETURN_ZERO;421;411.0;14369;True;False;False;False;1786;False;0
2026-07-31T16:02:24.678933;176.906;RETURN_ZERO;421;411.0;14370;True;False;False;False;1786;False;0
2026-07-31T16:02:24.855484;177.078;RETURN_ZERO;421;421.0;14370;True;False;False;False;1486;False;0
2026-07-31T16:02:25.028683;177.25;RETURN_ZERO;411;421.0;14371;True;False;False;False;1336;False;0
2026-07-31T16:02:25.200000;177.421;RETURN_ZERO;411;411.0;14372;True;False;False;False;1186;False;0
2026-07-31T16:02:25.371980;177.593;RETURN_ZERO;421;421.0;14372;True;False;False;False;1036;False;0
2026-07-31T16:02:25.552332;177.781;RETURN_ZERO;421;421.0;14373;True;False;False;False;886;False;0
2026-07-31T16:02:25.730012;177.953;RETURN_ZERO;411;421.0;14374;True;False;False;False;886;False;0
2026-07-31T16:02:25.923138;178.156;RETURN_ZERO;421;421.0;14374;True;False;False;False;886;False;0
2026-07-31T16:02:26.095901;178.328;RETURN_ZERO;411;421.0;14375;True;False;False;False;586;False;0
2026-07-31T16:02:26.274240;178.5;RETURN_ZERO;411;411.0;14376;True;False;False;False;586;False;0
2026-07-31T16:02:26.445812;178.671;RETURN_ZERO;400;411.0;14377;True;False;False;False;436;False;0
2026-07-31T16:02:26.622214;178.843;RETURN_ZERO;400;411.0;14377;True;False;False;False;436;False;0
2026-07-31T16:02:26.812995;179.046;RETURN_ZERO;411;411.0;14378;True;False;False;False;286;False;0
2026-07-31T16:02:26.994943;179.218;RETURN_ZERO;400;411.0;14379;True;False;False;False;0;False;0
2026-07-31T16:02:27.176571;179.406;RETURN_ZERO;411;411.0;14379;True;False;False;False;0;False;0
2026-07-31T16:02:27.343416;179.578;RETURN_ZERO;400;411.0;14380;True;False;False;False;0;False;0
2026-07-31T16:02:27.520756;179.75;RETURN_ZERO;411;411.0;14381;True;False;False;False;0;False;0
2026-07-31T16:02:27.695827;179.921;RETURN_ZERO;400;400.0;14381;True;False;False;False;0;False;0
2026-07-31T16:02:27.887478;180.109;RETURN_ZERO;400;400.0;14382;True;False;False;False;0;False;0
2026-07-31T16:02:28.078729;180.312;RETURN_ZERO;400;400.0;14383;True;False;False;False;0;False;0
2026-07-31T16:02:28.262210;180.484;RETURN_ZERO;400;400.0;14384;True;False;False;False;0;False;0
