elapsed_s;gw_nivel;gw_enable;gw_dac;gw_applied_enable;gw_applied_dac;gw_watchdog_healthy;plc_enable;plc_dac;plc_applied_enable;plc_applied_dac;plc_watchdog_healthy
0.093000;421.0;False;0.0;False;0.0;True;False;0.0;False;0.0;True
0.203000;421.0;False;0.0;False;0.0;True;False;0.0;False;0.0;True
0.312000;421.0;False;0.0;False;0.0;True;False;0.0;False;0.0;True
0.437000;431.0;False;0.0;False;0.0;True;False;0.0;False;0.0;True
0.547000;421.0;False;0.0;False;0.0;True;False;0.0;False;0.0;True
0.672000;421.0;False;0.0;False;0.0;True;False;0.0;False;0.0;True
0.797000;421.0;False;0.0;False;0.0;True;False;0.0;False;0.0;True
0.922000;421.0;False;0.0;False;0.0;True;False;0.0;False;0.0;True
1.031000;421.0;False;0.0;False;0.0;True;False;0.0;False;0.0;True
1.156000;421.0;False;0.0;False;0.0;True;False;0.0;False;0.0;True
1.281000;431.0;False;0.0;False;0.0;True;False;0.0;False;0.0;True
1.390000;421.0;False;0.0;False;0.0;True;False;0.0;False;0.0;True
1.515000;431.0;False;0.0;False;0.0;True;False;0.0;False;0.0;True
1.640000;421.0;False;0.0;False;0.0;True;False;0.0;False;0.0;True
1.765000;411.0;False;0.0;False;0.0;True;False;0.0;False;0.0;True
1.890000;421.0;False;0.0;False;0.0;True;False;0.0;False;0.0;True
2.015000;411.0;False;0.0;False;0.0;True;False;0.0;False;0.0;True
2.140000;411.0;False;0.0;False;0.0;True;False;0.0;False;0.0;True
2.265000;411.0;False;0.0;False;0.0;True;False;0.0;False;0.0;True
2.390000;411.0;False;0.0;False;0.0;True;False;0.0;False;0.0;True
2.515000;421.0;False;0.0;False;0.0;True;False;0.0;False;0.0;True
2.640000;421.0;False;0.0;False;0.0;True;False;0.0;False;0.0;True
2.765000;411.0;False;0.0;False;0.0;True;False;0.0;False;0.0;True
2.890000;421.0;False;0.0;False;0.0;True;False;0.0;False;0.0;True
3.031000;421.0;False;0.0;False;0.0;True;False;0.0;False;0.0;True
3.156000;421.0;False;0.0;False;0.0;True;False;0.0;False;0.0;True
3.281000;411.0;False;0.0;False;0.0;True;False;0.0;False;0.0;True
3.406000;411.0;False;0.0;False;0.0;True;False;0.0;False;0.0;True
3.531000;421.0;False;0.0;False;0.0;True;False;0.0;False;0.0;True
3.656000;411.0;False;0.0;False;0.0;True;False;0.0;False;0.0;True
3.781000;411.0;False;0.0;False;0.0;True;False;0.0;False;0.0;True
3.906000;411.0;False;0.0;False;0.0;True;False;0.0;False;0.0;True
4.031000;441.0;False;0.0;False;0.0;True;False;0.0;False;0.0;True
4.156000;411.0;False;0.0;False;0.0;True;False;0.0;False;0.0;True
4.281000;431.0;False;0.0;False;0.0;True;False;0.0;False;0.0;True
4.406000;421.0;False;0.0;False;0.0;True;False;0.0;False;0.0;True
4.531000;421.0;False;0.0;False;0.0;True;False;0.0;False;0.0;True
4.656000;431.0;False;0.0;False;0.0;True;False;0.0;False;0.0;True
4.781000;421.0;False;0.0;False;0.0;True;False;0.0;False;0.0;True
4.906000;421.0;False;0.0;False;0.0;True;False;0.0;False;0.0;True
5.031000;400.0;False;0.0;False;0.0;True;False;0.0;False;0.0;True
5.156000;421.0;False;0.0;False;0.0;True;False;0.0;False;0.0;True
5.281000;411.0;False;0.0;False;0.0;True;False;0.0;False;0.0;True
5.406000;400.0;False;0.0;False;0.0;True;False;0.0;False;0.0;True
5.531000;421.0;False;0.0;False;0.0;True;False;0.0;False;0.0;True
5.656000;421.0;False;0.0;False;0.0;True;False;0.0;False;0.0;True
5.781000;411.0;False;0.0;False;0.0;True;False;0.0;False;0.0;True
5.906000;411.0;False;0.0;False;0.0;True;False;0.0;False;0.0;True
6.031000;411.0;False;0.0;False;0.0;True;False;0.0;False;0.0;True
6.156000;421.0;False;0.0;False;0.0;True;False;0.0;False;0.0;True
6.281000;421.0;False;0.0;False;0.0;True;False;0.0;False;0.0;True
6.406000;421.0;False;0.0;False;0.0;True;False;0.0;False;0.0;True
6.531000;411.0;False;0.0;False;0.0;True;False;0.0;False;0.0;True
6.656000;421.0;False;0.0;False;0.0;True;False;0.0;False;0.0;True
6.781000;421.0;False;0.0;False;0.0;True;False;0.0;False;0.0;True
6.906000;421.0;False;0.0;False;0.0;True;False;0.0;False;0.0;True
7.031000;421.0;False;0.0;False;0.0;True;False;0.0;False;0.0;True
7.156000;421.0;False;0.0;False;0.0;True;False;0.0;False;0.0;True
7.281000;431.0;False;0.0;False;0.0;True;False;0.0;False;0.0;True
7.406000;421.0;False;0.0;False;0.0;True;False;0.0;False;0.0;True
7.531000;411.0;False;0.0;False;0.0;True;False;0.0;False;0.0;True
7.656000;411.0;False;0.0;False;0.0;True;False;0.0;False;0.0;True
7.797000;431.0;False;0.0;False;0.0;True;False;0.0;False;0.0;True
7.922000;431.0;False;0.0;False;0.0;True;False;0.0;False;0.0;True
8.047000;431.0;False;0.0;False;0.0;True;False;0.0;False;0.0;True
8.156000;421.0;False;0.0;False;0.0;True;False;0.0;False;0.0;True
8.297000;421.0;False;0.0;False;0.0;True;False;0.0;False;0.0;True
8.422000;421.0;False;0.0;False;0.0;True;False;0.0;False;0.0;True
8.547000;411.0;False;0.0;False;0.0;True;False;0.0;False;0.0;True
8.672000;421.0;False;0.0;False;0.0;True;False;0.0;False;0.0;True
8.797000;411.0;False;0.0;False;0.0;True;False;0.0;False;0.0;True
8.922000;421.0;False;0.0;False;0.0;True;False;0.0;False;0.0;True
9.047000;421.0;False;0.0;False;0.0;True;False;0.0;False;0.0;True
9.156000;421.0;False;0.0;False;0.0;True;False;0.0;False;0.0;True
9.281000;411.0;False;0.0;False;0.0;True;False;0.0;False;0.0;True
9.422000;421.0;False;0.0;False;0.0;True;False;0.0;False;0.0;True
9.531000;421.0;False;0.0;False;0.0;True;False;0.0;False;0.0;True
9.656000;421.0;False;0.0;False;0.0;True;False;0.0;False;0.0;True
9.781000;421.0;False;0.0;False;0.0;True;False;0.0;False;0.0;True
9.906000;411.0;False;0.0;False;0.0;True;False;0.0;False;0.0;True
