elapsed_s;phase;nivel_raw;median9_raw;positive_median_rate_raw_per_s;enable;dac;applied_enable;applied_dac;watchdog_healthy;watchdog_tripped
0.000;ARMED;360.000;360.000;0.000;False;0.000;False;0.000;True;False
0.141;ARMED;360.000;360.000;0.000;False;0.000;False;0.000;True;False
0.266;ARMED;360.000;360.000;0.000;False;0.000;False;0.000;True;False
0.391;ARMED;370.000;360.000;0.000;False;0.000;False;0.000;True;False
0.516;ARMED;360.000;360.000;0.000;False;0.000;False;0.000;True;False
0.641;ARMED;360.000;360.000;0.000;False;0.000;False;0.000;True;False
0.766;ARMED;360.000;360.000;0.000;False;0.000;False;0.000;True;False
0.875;ARMED;360.000;360.000;0.000;False;0.000;False;0.000;True;False
1.000;ARMED;360.000;360.000;0.000;False;0.000;False;0.000;True;False
1.141;ARMED;360.000;360.000;0.000;False;0.000;False;0.000;True;False
1.266;ARMED;360.000;360.000;0.000;False;0.000;False;0.000;True;False
1.391;ARMED;360.000;360.000;0.000;False;0.000;False;0.000;True;False
1.516;ARMED;370.000;360.000;0.000;False;0.000;False;0.000;True;False
1.641;ARMED;360.000;360.000;0.000;False;0.000;False;0.000;True;False
1.766;ARMED;360.000;360.000;0.000;False;0.000;False;0.000;True;False
1.891;ARMED;360.000;360.000;0.000;False;0.000;False;0.000;True;False
1.984;ARMED;360.000;360.000;0.000;False;0.000;False;0.000;True;False
2.125;ARMED;360.000;360.000;0.000;False;0.000;False;0.000;True;False
2.266;ARMED;360.000;360.000;0.000;False;0.000;False;0.000;True;False
2.391;ARMED;370.000;360.000;0.000;False;0.000;False;0.000;True;False
2.516;ARMED;370.000;360.000;0.000;False;0.000;False;0.000;True;False
2.656;ARMED;370.000;360.000;0.000;False;0.000;False;0.000;True;False
2.781;ARMED;370.000;360.000;0.000;False;0.000;False;0.000;True;False
2.922;ARMED;370.000;370.000;7.112;False;0.000;False;0.000;True;False
3.047;ARMED;370.000;370.000;7.112;False;0.000;False;0.000;True;False
3.172;ARMED;360.000;370.000;7.112;False;0.000;False;0.000;True;False
3.297;ARMED;370.000;370.000;7.112;False;0.000;False;0.000;True;False
3.437;ARMED;370.000;370.000;6.882;False;0.000;False;0.000;True;False
3.562;ARMED;370.000;370.000;6.959;False;0.000;False;0.000;True;False
3.687;ARMED;370.000;370.000;7.037;False;0.000;False;0.000;True;False
3.812;ARMED;370.000;370.000;7.037;False;0.000;False;0.000;True;False
3.953;ARMED;370.000;370.000;6.959;False;0.000;False;0.000;True;False
4.078;ARMED;360.000;370.000;7.032;False;0.000;False;0.000;True;False
4.234;ARMED;370.000;370.000;6.882;False;0.000;False;0.000;True;False
4.359;ARMED;360.000;370.000;0.000;False;0.000;False;0.000;True;False
4.484;ARMED;370.000;370.000;0.000;False;0.000;False;0.000;True;False
4.609;ARMED;370.000;370.000;0.000;False;0.000;False;0.000;True;False
4.766;ARMED;370.000;370.000;0.000;False;0.000;False;0.000;True;False
4.891;ARMED;370.000;370.000;0.000;False;0.000;False;0.000;True;False
5.000;ARMED;370.000;370.000;0.000;False;0.000;False;0.000;True;False
5.125;ARMED;370.000;370.000;0.000;False;0.000;False;0.000;True;False
5.250;ARMED;380.000;370.000;0.000;False;0.000;False;0.000;True;False
5.375;ARMED;360.000;370.000;0.000;False;0.000;False;0.000;True;False
5.500;ARMED;370.000;370.000;0.000;False;0.000;False;0.000;True;False
5.625;ARMED;360.000;370.000;0.000;False;0.000;False;0.000;True;False
5.750;ARMED;370.000;370.000;0.000;False;0.000;False;0.000;True;False
5.875;ARMED;370.000;370.000;0.000;False;0.000;False;0.000;True;False
6.000;ARMED;370.000;370.000;0.000;False;0.000;False;0.000;True;False
6.125;ARMED;370.000;370.000;0.000;False;0.000;False;0.000;True;False
0.000;ACTIVE;370.000;370.000;0.000;True;150.000;True;150.000;True;False
0.141;ACTIVE;360.000;370.000;0.000;True;300.000;True;300.000;True;False
0.266;ACTIVE;370.000;370.000;0.000;True;450.000;True;450.000;True;False
0.391;ACTIVE;390.000;370.000;0.000;True;600.000;True;600.000;True;False
0.516;ACTIVE;461.000;370.000;0.000;True;750.000;True;750.000;True;False
0.641;ACTIVE;451.000;370.000;0.000;True;900.000;True;900.000;True;False
0.766;ACTIVE;370.000;370.000;0.000;True;1050.000;True;900.000;True;False
0.906;ACTIVE;370.000;370.000;0.000;True;1200.000;True;1200.000;True;False
1.016;ACTIVE;400.000;370.000;0.000;True;1350.000;True;1350.000;True;False
1.141;ACTIVE;380.000;380.000;7.189;True;1500.000;True;1350.000;True;False
1.281;ACTIVE;461.000;390.000;14.225;True;1650.000;True;1500.000;True;False
1.406;ACTIVE;451.000;400.000;21.337;True;1800.000;True;1800.000;True;False
1.516;ACTIVE;380.000;400.000;21.818;True;1950.000;True;1800.000;True;False
1.672;ACTIVE;421.000;400.000;21.337;True;2100.000;True;1950.000;True;False
1.781;ACTIVE;431.000;400.000;21.583;True;2100.000;True;2100.000;True;False
1.906;ACTIVE;512.000;421.000;36.691;True;2100.000;True;2100.000;True;False
2.031;ACTIVE;471.000;431.000;43.885;True;2250.000;True;2250.000;True;False
2.156;ACTIVE;482.000;451.000;58.273;True;2400.000;True;2400.000;True;False
2.281;ACTIVE;502.000;461.000;66.182;True;2550.000;True;2400.000;True;False
2.406;ACTIVE;400.000;451.000;58.273;True;2700.000;True;2700.000;True;False
2.531;ACTIVE;421.000;431.000;36.691;True;2850.000;True;2850.000;True;False
2.656;ACTIVE;512.000;471.000;58.909;True;3000.000;True;3000.000;True;False
2.781;ACTIVE;512.000;482.000;59.636;True;3000.000;True;3000.000;True;False
2.922;ACTIVE;502.000;502.000;72.546;True;3000.000;True;3000.000;True;False
3.047;ACTIVE;441.000;482.000;59.636;True;3150.000;True;3150.000;True;False
3.187;ACTIVE;461.000;482.000;58.321;True;3450.000;True;3300.000;True;False
3.312;ACTIVE;563.000;502.000;57.610;True;3600.000;True;3450.000;True;False
3.437;ACTIVE;532.000;502.000;50.498;True;3600.000;True;3600.000;True;False
3.562;ACTIVE;390.000;502.000;36.273;True;3750.000;True;3750.000;True;False
3.687;ACTIVE;380.000;502.000;29.161;True;4050.000;True;4050.000;True;False
3.828;ACTIVE;411.000;461.000;7.032;True;4050.000;True;4050.000;True;False
3.969;ACTIVE;461.000;461.000;20.862;True;4200.000;True;4050.000;True;False
4.094;ACTIVE;471.000;461.000;0.000;True;4350.000;True;4350.000;True;False
4.219;ACTIVE;318.000;461.000;0.000;True;4500.000;True;4500.000;True;False
4.344;ACTIVE;298.000;411.000;0.000;True;4500.000;True;4500.000;True;False
4.469;ACTIVE;298.000;390.000;0.000;True;4500.000;True;4500.000;True;False
4.609;ACTIVE;318.000;380.000;0.000;True;4200.000;True;4200.000;True;False
4.719;ACTIVE;482.000;380.000;0.000;True;4200.000;True;4200.000;True;False
4.844;ACTIVE;512.000;411.000;0.000;True;4050.000;True;4050.000;True;False
4.984;ACTIVE;431.000;431.000;0.000;True;3750.000;True;3900.000;True;False
5.109;ACTIVE;421.000;421.000;0.000;True;3600.000;True;3750.000;True;False
5.234;ACTIVE;421.000;421.000;0.000;True;3600.000;True;3600.000;True;False
5.359;ACTIVE;471.000;421.000;0.000;True;3600.000;True;3450.000;True;False
5.484;ACTIVE;532.000;431.000;0.000;True;3750.000;True;3750.000;True;False
5.625;ACTIVE;400.000;431.000;0.000;True;3900.000;True;3750.000;True;False
5.750;ACTIVE;411.000;431.000;14.225;True;3900.000;True;3900.000;True;False
5.875;ACTIVE;380.000;421.000;22.048;True;4200.000;True;4050.000;True;False
6.016;ACTIVE;350.000;421.000;29.140;True;4350.000;True;4350.000;True;False
6.141;ACTIVE;370.000;411.000;21.800;True;4500.000;True;4350.000;True;False
6.250;ACTIVE;328.000;400.000;0.000;True;4500.000;True;4500.000;True;False
6.375;ACTIVE;340.000;380.000;0.000;True;4650.000;True;4500.000;True;False
6.500;ACTIVE;328.000;370.000;0.000;True;4650.000;True;4650.000;True;False
6.625;ACTIVE;298.000;350.000;0.000;True;4800.000;True;4800.000;True;False
6.750;ACTIVE;278.000;340.000;0.000;True;4950.000;True;4950.000;True;False
6.891;ACTIVE;278.000;328.000;0.000;True;5250.000;True;5100.000;True;False
7.016;ACTIVE;278.000;328.000;0.000;True;5250.000;True;5250.000;True;False
7.141;ACTIVE;308.000;308.000;0.000;True;5550.000;True;5400.000;True;False
7.266;ACTIVE;308.000;308.000;0.000;True;5550.000;True;5550.000;True;False
7.391;ACTIVE;288.000;298.000;0.000;True;5550.000;True;5550.000;True;False
7.516;ACTIVE;288.000;288.000;0.000;True;5700.000;True;5700.000;True;False
7.641;ACTIVE;298.000;288.000;0.000;True;5850.000;True;5850.000;True;False
7.781;ACTIVE;308.000;288.000;0.000;True;6000.000;True;6000.000;True;False
7.906;ACTIVE;431.000;298.000;0.000;True;6150.000;True;6150.000;True;False
8.031;ACTIVE;390.000;308.000;0.000;True;6300.000;True;6300.000;True;False
8.156;ACTIVE;350.000;308.000;0.000;True;6450.000;True;6450.000;True;False
8.281;ACTIVE;340.000;308.000;0.000;True;6450.000;True;6450.000;True;False
8.406;ACTIVE;328.000;328.000;0.000;True;6450.000;True;6450.000;True;False
8.531;ACTIVE;340.000;340.000;23.022;True;6600.000;True;6600.000;True;False
8.656;ACTIVE;380.000;340.000;23.022;True;6750.000;True;6750.000;True;False
8.766;ACTIVE;400.000;350.000;37.818;True;6900.000;True;6900.000;True;False
8.891;ACTIVE;328.000;350.000;45.091;True;7050.000;True;6900.000;True;False
9.016;ACTIVE;257.000;340.000;37.818;True;7200.000;True;7200.000;True;False
9.125;ACTIVE;267.000;340.000;38.690;True;7350.000;True;7350.000;True;False
9.250;ACTIVE;278.000;328.000;22.321;True;7500.000;True;7350.000;True;False
9.375;ACTIVE;298.000;328.000;14.881;True;7650.000;True;7500.000;True;False
9.500;ACTIVE;308.000;308.000;0.000;True;7800.000;True;7650.000;True;False
9.641;ACTIVE;298.000;298.000;0.000;True;7950.000;True;7800.000;True;False
9.766;ACTIVE;247.000;298.000;0.000;True;8100.000;True;7950.000;True;False
9.891;ACTIVE;247.000;278.000;0.000;True;8250.000;True;8100.000;True;False
10.016;ACTIVE;328.000;278.000;0.000;True;8250.000;True;8250.000;True;False
10.141;ACTIVE;328.000;298.000;0.000;True;8400.000;True;8400.000;True;False
10.281;ACTIVE;380.000;298.000;0.000;True;8550.000;True;8550.000;True;False
10.406;ACTIVE;370.000;308.000;0.000;True;8700.000;True;8550.000;True;False
10.531;ACTIVE;298.000;308.000;0.000;True;8850.000;True;8700.000;True;False
10.656;ACTIVE;340.000;328.000;0.000;True;9000.000;True;8850.000;True;False
10.766;ACTIVE;247.000;328.000;0.000;True;9000.000;True;9000.000;True;False
10.875;ACTIVE;318.000;328.000;14.545;True;9150.000;True;9150.000;True;False
11.000;ACTIVE;370.000;328.000;22.075;True;9300.000;True;9300.000;True;False
11.125;ACTIVE;288.000;328.000;22.075;True;9450.000;True;9450.000;True;False
11.250;ACTIVE;288.000;318.000;29.433;True;9600.000;True;9600.000;True;False
11.375;ACTIVE;227.000;298.000;14.717;True;9600.000;True;9600.000;True;False
11.500;ACTIVE;227.000;288.000;0.000;True;9750.000;True;9750.000;True;False
11.609;ACTIVE;308.000;288.000;0.000;True;9900.000;True;9900.000;True;False
11.750;ACTIVE;350.000;288.000;0.000;True;10050.000;True;9900.000;True;False
11.859;ACTIVE;298.000;298.000;0.000;True;10200.000;True;10050.000;True;False
12.000;ACTIVE;278.000;288.000;0.000;True;10200.000;True;10200.000;True;False
12.125;ACTIVE;227.000;288.000;0.000;True;10350.000;True;10350.000;True;False
12.250;ACTIVE;298.000;288.000;0.000;True;10500.000;True;10500.000;True;False
12.375;ACTIVE;308.000;298.000;0.000;True;10650.000;True;10650.000;True;False
12.500;ACTIVE;298.000;298.000;0.000;True;10800.000;True;10800.000;True;False
12.625;ACTIVE;288.000;298.000;0.000;True;10950.000;True;10950.000;True;False
12.750;ACTIVE;257.000;298.000;0.000;True;11100.000;True;11100.000;True;False
12.875;ACTIVE;237.000;288.000;0.000;True;11100.000;True;11100.000;True;False
13.000;ACTIVE;380.000;288.000;0.000;True;11250.000;True;11250.000;True;False
13.125;ACTIVE;298.000;298.000;7.273;True;11400.000;True;11400.000;True;False
13.266;ACTIVE;308.000;298.000;0.000;True;11550.000;True;11550.000;True;False
13.391;ACTIVE;298.000;298.000;7.189;True;11550.000;True;11550.000;True;False
13.516;ACTIVE;267.000;298.000;7.189;True;11700.000;True;11700.000;True;False
13.641;ACTIVE;370.000;298.000;7.189;True;11850.000;True;11850.000;True;False
13.766;ACTIVE;340.000;298.000;0.000;True;11850.000;True;11850.000;True;False
13.875;ACTIVE;176.000;298.000;0.000;True;11850.000;True;11850.000;True;False
14.000;ACTIVE;217.000;298.000;0.000;True;11850.000;True;11850.000;True;False
14.141;ACTIVE;318.000;298.000;0.000;True;11850.000;True;11850.000;True;False
14.266;ACTIVE;267.000;298.000;7.189;True;11850.000;True;11850.000;True;False
14.391;ACTIVE;318.000;298.000;7.189;True;11846.000;True;11846.000;True;False
14.516;ACTIVE;176.000;267.000;0.000;True;11846.000;True;11846.000;True;False
14.641;ACTIVE;196.000;267.000;0.000;True;11846.000;True;11846.000;True;False
14.750;ACTIVE;340.000;267.000;0.000;True;11846.000;True;11846.000;True;False
14.891;ACTIVE;340.000;267.000;0.000;True;11850.000;True;11846.000;True;False
15.016;ACTIVE;278.000;278.000;0.000;True;11850.000;True;11850.000;True;False
15.141;ACTIVE;318.000;318.000;14.545;True;11850.000;True;11850.000;True;False
15.266;ACTIVE;227.000;278.000;0.000;True;11850.000;True;11850.000;True;False
15.391;ACTIVE;360.000;318.000;14.378;True;11850.000;True;11850.000;True;False
15.531;ACTIVE;370.000;318.000;14.388;True;11850.000;True;11850.000;True;False
15.656;ACTIVE;370.000;340.000;30.216;True;11850.000;True;11850.000;True;False
15.766;ACTIVE;308.000;340.000;30.545;True;11850.000;True;11850.000;True;False
15.891;ACTIVE;298.000;318.000;37.091;True;11850.000;True;11850.000;True;False
16.016;ACTIVE;370.000;318.000;37.091;True;11850.000;True;11850.000;True;False
16.156;ACTIVE;360.000;360.000;66.145;True;11850.000;True;11850.000;True;False
16.281;ACTIVE;350.000;360.000;66.906;True;11850.000;True;11850.000;True;False
16.406;ACTIVE;380.000;360.000;58.993;True;11850.000;True;11850.000;True;False
16.531;ACTIVE;288.000;360.000;30.216;True;11850.000;True;11850.000;True;False
16.641;ACTIVE;350.000;350.000;52.364;True;11850.000;True;11850.000;True;False
16.750;ACTIVE;370.000;350.000;23.547;True;11850.000;True;11850.000;True;False
16.875;ACTIVE;380.000;360.000;31.250;True;11846.000;True;11850.000;True;False
17.016;ACTIVE;370.000;370.000;22.059;True;11846.000;True;11846.000;True;False
17.141;ACTIVE;318.000;360.000;14.545;True;11846.000;True;11846.000;True;False
17.266;ACTIVE;308.000;350.000;23.273;True;11846.000;True;11846.000;True;False
17.391;ACTIVE;380.000;370.000;37.818;True;11846.000;True;11846.000;True;False
17.516;ACTIVE;360.000;360.000;0.000;True;11846.000;True;11846.000;True;False
17.641;ACTIVE;308.000;360.000;0.000;True;11846.000;True;11846.000;True;False
17.766;ACTIVE;318.000;360.000;0.000;True;11846.000;True;11846.000;True;False
17.891;ACTIVE;421.000;360.000;0.000;True;11846.000;True;11846.000;True;False
18.016;ACTIVE;390.000;360.000;7.273;True;11800.000;True;11800.000;True;False
18.141;ACTIVE;411.000;360.000;7.189;True;11800.000;True;11800.000;True;False
18.250;ACTIVE;278.000;360.000;0.000;True;11800.000;True;11800.000;True;False
18.391;ACTIVE;318.000;360.000;0.000;True;11800.000;True;11800.000;True;False
18.516;ACTIVE;421.000;360.000;0.000;True;11800.000;True;11800.000;True;False
18.656;ACTIVE;390.000;390.000;28.777;True;11800.000;True;11800.000;True;False
18.766;ACTIVE;350.000;390.000;14.545;True;11800.000;True;11800.000;True;False
18.891;ACTIVE;298.000;390.000;21.818;True;11800.000;True;11800.000;True;False
19.016;ACTIVE;350.000;350.000;0.000;True;11800.000;True;11800.000;True;False
19.141;ACTIVE;411.000;350.000;0.000;True;11800.000;True;11800.000;True;False
19.266;ACTIVE;390.000;350.000;0.000;True;11800.000;True;11800.000;True;False
19.406;ACTIVE;400.000;390.000;21.583;True;11800.000;True;11800.000;True;False
19.531;ACTIVE;318.000;390.000;21.583;True;11800.000;True;11800.000;True;False
19.656;ACTIVE;360.000;360.000;0.000;True;11800.000;True;11800.000;True;False
19.766;ACTIVE;390.000;360.000;0.000;True;11800.000;True;11800.000;True;False
19.891;ACTIVE;390.000;390.000;21.818;True;11800.000;True;11800.000;True;False
20.031;ACTIVE;350.000;390.000;0.000;True;11800.000;True;11800.000;True;False
20.156;ACTIVE;390.000;390.000;0.000;True;11800.000;True;11800.000;True;False
20.281;ACTIVE;532.000;390.000;0.000;True;11800.000;True;11800.000;True;False
20.406;ACTIVE;431.000;390.000;28.777;True;11800.000;True;11800.000;True;False
20.531;ACTIVE;411.000;390.000;28.777;True;11800.000;True;11800.000;True;False
20.656;ACTIVE;340.000;390.000;28.777;True;11800.000;True;11800.000;True;False
20.781;ACTIVE;400.000;390.000;0.000;True;11800.000;True;11800.000;True;False
20.891;ACTIVE;431.000;400.000;7.353;True;11800.000;True;11800.000;True;False
21.016;ACTIVE;522.000;411.000;37.500;True;11800.000;True;11800.000;True;False
21.141;ACTIVE;451.000;431.000;51.636;True;11800.000;True;11800.000;True;False
21.266;ACTIVE;532.000;431.000;29.818;True;11800.000;True;11800.000;True;False
21.391;ACTIVE;431.000;431.000;30.147;True;11800.000;True;11800.000;True;False
21.500;ACTIVE;441.000;431.000;30.506;True;11800.000;True;11800.000;True;False
21.625;ACTIVE;532.000;441.000;37.946;True;11800.000;True;11800.000;True;False
21.750;ACTIVE;421.000;441.000;37.946;True;11800.000;True;11800.000;True;False
21.875;ACTIVE;512.000;451.000;45.387;True;11800.000;True;11800.000;True;False
22.016;ACTIVE;360.000;451.000;44.853;True;11800.000;True;11800.000;True;False
22.156;ACTIVE;350.000;441.000;37.091;True;11800.000;True;11800.000;True;False
22.281;ACTIVE;471.000;441.000;29.496;True;11800.000;True;11800.000;True;False
22.406;ACTIVE;380.000;431.000;14.388;True;11800.000;True;11800.000;True;False
22.531;ACTIVE;563.000;441.000;7.194;True;11800.000;True;11800.000;True;False
22.656;ACTIVE;553.000;471.000;28.777;True;11800.000;True;11800.000;True;False
22.781;ACTIVE;360.000;421.000;0.000;True;11800.000;True;11800.000;True;False
22.891;ACTIVE;411.000;411.000;0.000;True;11800.000;True;11800.000;True;False
23.016;ACTIVE;461.000;411.000;0.000;True;11800.000;True;11800.000;True;False
23.156;ACTIVE;553.000;461.000;14.225;True;11800.000;True;11800.000;True;False
23.281;ACTIVE;543.000;471.000;14.225;True;11800.000;True;11800.000;True;False
23.422;ACTIVE;411.000;461.000;7.112;True;11800.000;True;11800.000;True;False
23.547;ACTIVE;482.000;482.000;29.475;True;11800.000;True;11800.000;True;False
23.672;ACTIVE;451.000;461.000;14.378;True;11800.000;True;11800.000;True;False
23.797;ACTIVE;441.000;451.000;14.378;True;11800.000;True;11800.000;True;False
23.922;ACTIVE;340.000;451.000;7.189;True;11800.000;True;11800.000;True;False
24.031;ACTIVE;380.000;451.000;0.000;True;11800.000;True;11800.000;True;False
24.141;ACTIVE;451.000;451.000;22.059;True;11800.000;True;11800.000;True;False
24.281;ACTIVE;532.000;451.000;28.777;True;11800.000;True;11800.000;True;False
24.406;ACTIVE;421.000;441.000;21.583;True;11800.000;True;11800.000;True;False
24.531;ACTIVE;360.000;441.000;0.000;True;11800.000;True;11800.000;True;False
24.641;ACTIVE;370.000;421.000;0.000;True;11800.000;True;11800.000;True;False
24.766;ACTIVE;380.000;380.000;0.000;True;11800.000;True;11800.000;True;False
24.875;ACTIVE;451.000;380.000;0.000;True;11800.000;True;11800.000;True;False
25.000;ACTIVE;411.000;411.000;0.000;True;11800.000;True;11800.000;True;False
25.125;ACTIVE;471.000;421.000;0.000;True;11800.000;True;11800.000;True;False
25.250;ACTIVE;421.000;421.000;0.000;True;11800.000;True;11800.000;True;False
25.375;ACTIVE;431.000;421.000;0.000;True;11800.000;True;11800.000;True;False
25.500;ACTIVE;543.000;421.000;0.000;True;11800.000;True;11800.000;True;False
25.625;ACTIVE;603.000;431.000;0.000;True;11800.000;True;11800.000;True;False
25.766;ACTIVE;573.000;451.000;7.353;True;11800.000;True;11800.000;True;False
25.891;ACTIVE;502.000;471.000;22.059;True;11800.000;True;11800.000;True;False
26.000;ACTIVE;502.000;502.000;59.603;True;11800.000;True;11800.000;True;False
26.125;ACTIVE;635.000;502.000;89.772;True;11800.000;True;11800.000;True;False
26.250;ACTIVE;593.000;543.000;118.545;True;11800.000;True;11800.000;True;False
26.391;ACTIVE;563.000;563.000;109.274;True;11800.000;True;11800.000;True;False
26.516;ACTIVE;583.000;573.000;109.274;True;11800.000;True;11800.000;True;False
26.641;ACTIVE;593.000;583.000;116.463;True;11800.000;True;11800.000;True;False
26.766;ACTIVE;686.000;583.000;116.463;True;11800.000;True;11800.000;True;False
26.891;ACTIVE;645.000;593.000;123.652;True;11800.000;True;11800.000;True;False
27.031;ACTIVE;603.000;593.000;115.220;True;11750.000;True;11750.000;True;False
27.156;ACTIVE;603.000;603.000;109.353;True;11750.000;True;11750.000;True;False
27.266;ACTIVE;665.000;603.000;96.000;True;11750.000;True;11750.000;True;False
27.391;ACTIVE;615.000;603.000;72.610;True;11750.000;True;11750.000;True;False
27.516;ACTIVE;615.000;615.000;81.237;True;11750.000;True;11750.000;True;False
27.641;ACTIVE;593.000;615.000;51.761;True;11750.000;True;11750.000;True;False
27.781;ACTIVE;553.000;615.000;37.410;True;11750.000;True;11750.000;True;False
27.891;ACTIVE;593.000;603.000;21.818;True;11750.000;True;11750.000;True;False
28.016;ACTIVE;655.000;603.000;14.545;True;11750.000;True;11750.000;True;False
28.125;ACTIVE;696.000;615.000;23.547;True;11750.000;True;11750.000;True;False
28.250;ACTIVE;615.000;615.000;16.188;True;11750.000;True;11750.000;True;False
28.375;ACTIVE;645.000;615.000;16.369;True;11750.000;True;11750.000;True;False
28.516;ACTIVE;665.000;615.000;8.824;True;11750.000;True;11750.000;True;False
28.641;ACTIVE;675.000;645.000;30.545;True;11750.000;True;11750.000;True;False
28.750;ACTIVE;635.000;645.000;30.905;True;11750.000;True;11750.000;True;False
28.875;ACTIVE;583.000;645.000;22.075;True;11750.000;True;11750.000;True;False
29.000;ACTIVE;583.000;645.000;22.075;True;11750.000;True;11750.000;True;False
29.109;ACTIVE;583.000;635.000;15.060;True;11750.000;True;11750.000;True;False
29.250;ACTIVE;675.000;635.000;23.547;True;11750.000;True;11750.000;True;False
29.375;ACTIVE;655.000;645.000;30.905;True;11750.000;True;11750.000;True;False
29.500;ACTIVE;655.000;655.000;29.091;True;11750.000;True;11750.000;True;False
29.625;ACTIVE;625.000;635.000;14.545;True;11750.000;True;11750.000;True;False
29.750;ACTIVE;543.000;625.000;7.273;True;11750.000;True;11750.000;True;False
29.891;ACTIVE;563.000;583.000;0.000;True;11750.000;True;11750.000;True;False
30.016;ACTIVE;441.000;583.000;0.000;True;11750.000;True;11750.000;True;False
30.141;ACTIVE;502.000;583.000;0.000;True;11750.000;True;11750.000;True;False
30.266;ACTIVE;553.000;563.000;0.000;True;11750.000;True;11750.000;True;False
30.391;ACTIVE;573.000;563.000;0.000;True;11750.000;True;11750.000;True;False
30.531;ACTIVE;451.000;553.000;0.000;True;11750.000;True;11750.000;True;False
30.656;ACTIVE;421.000;543.000;0.000;True;11750.000;True;11750.000;True;False
30.766;ACTIVE;492.000;502.000;0.000;True;11750.000;True;11750.000;True;False
30.891;ACTIVE;563.000;502.000;0.000;True;11750.000;True;11750.000;True;False
31.016;ACTIVE;451.000;492.000;0.000;True;11750.000;True;11750.000;True;False
31.141;ACTIVE;471.000;492.000;0.000;True;11750.000;True;11750.000;True;False
31.266;ACTIVE;512.000;492.000;0.000;True;11750.000;True;11750.000;True;False
31.375;ACTIVE;553.000;492.000;0.000;True;11750.000;True;11750.000;True;False
31.500;ACTIVE;553.000;492.000;0.000;True;11750.000;True;11750.000;True;False
31.609;ACTIVE;502.000;502.000;0.000;True;11750.000;True;11750.000;True;False
31.750;ACTIVE;563.000;512.000;0.000;True;11750.000;True;11750.000;True;False
31.875;ACTIVE;665.000;553.000;0.000;True;11750.000;True;11750.000;True;False
32.000;ACTIVE;593.000;553.000;7.440;True;11750.000;True;11750.000;True;False
32.125;ACTIVE;563.000;553.000;37.528;True;11750.000;True;11750.000;True;False
32.266;ACTIVE;512.000;553.000;37.091;True;11750.000;True;11750.000;True;False
32.391;ACTIVE;512.000;553.000;44.364;True;11750.000;True;11750.000;True;False
32.516;ACTIVE;686.000;563.000;51.636;True;11750.000;True;11750.000;True;False
32.625;ACTIVE;603.000;563.000;52.244;True;11750.000;True;11750.000;True;False
32.750;ACTIVE;655.000;593.000;73.455;True;11750.000;True;11750.000;True;False
32.891;ACTIVE;563.000;593.000;72.610;True;11750.000;True;11750.000;True;False
33.031;ACTIVE;563.000;563.000;42.897;True;11750.000;True;11750.000;True;False
33.156;ACTIVE;696.000;563.000;36.273;True;11750.000;True;11750.000;True;False
33.281;ACTIVE;686.000;603.000;35.562;True;11750.000;True;11750.000;True;False
33.406;ACTIVE;593.000;603.000;35.562;True;11750.000;True;11750.000;True;False
33.531;ACTIVE;543.000;603.000;35.562;True;11750.000;True;11750.000;True;False
33.656;ACTIVE;512.000;593.000;28.777;True;11750.000;True;11750.000;True;False
33.797;ACTIVE;675.000;593.000;28.450;True;11750.000;True;11750.000;True;False
33.922;ACTIVE;645.000;593.000;21.337;True;11750.000;True;11750.000;True;False
34.047;ACTIVE;655.000;645.000;57.665;True;11750.000;True;11750.000;True;False
34.172;ACTIVE;675.000;655.000;43.601;True;11750.000;True;11750.000;True;False
34.297;ACTIVE;696.000;655.000;44.097;True;11750.000;True;11750.000;True;False
34.437;ACTIVE;696.000;655.000;65.434;True;11750.000;True;11750.000;True;False
34.562;ACTIVE;686.000;675.000;79.659;True;11750.000;True;11750.000;True;False
34.687;ACTIVE;655.000;675.000;51.209;True;11750.000;True;11750.000;True;False
34.797;ACTIVE;686.000;675.000;51.761;True;11750.000;True;11750.000;True;False
34.922;ACTIVE;696.000;686.000;59.669;True;11750.000;True;11750.000;True;False
35.062;ACTIVE;665.000;686.000;66.145;True;11750.000;True;11750.000;True;False
35.172;ACTIVE;686.000;686.000;67.636;True;11750.000;True;11750.000;True;False
35.297;ACTIVE;706.000;686.000;67.636;True;11750.000;True;11750.000;True;False
35.422;ACTIVE;696.000;686.000;29.818;True;11750.000;True;11750.000;True;False
35.547;ACTIVE;675.000;686.000;22.545;True;11750.000;True;11750.000;True;False
35.672;ACTIVE;603.000;686.000;22.545;True;11750.000;True;11750.000;True;False
35.797;ACTIVE;665.000;686.000;22.794;True;11750.000;True;11750.000;True;False
35.922;ACTIVE;706.000;686.000;8.088;True;11750.000;True;11750.000;True;False
36.031;ACTIVE;573.000;675.000;0.000;True;11750.000;True;11750.000;True;False
36.156;ACTIVE;615.000;675.000;0.000;True;11750.000;True;11750.000;True;False
36.281;ACTIVE;603.000;665.000;0.000;True;11750.000;True;11750.000;True;False
36.406;ACTIVE;675.000;665.000;0.000;True;11750.000;True;11750.000;True;False
36.547;ACTIVE;696.000;665.000;0.000;True;11750.000;True;11750.000;True;False
36.672;ACTIVE;593.000;615.000;0.000;True;11750.000;True;11750.000;True;False
36.797;ACTIVE;655.000;655.000;0.000;True;11750.000;True;11750.000;True;False
36.922;ACTIVE;665.000;655.000;0.000;True;11750.000;True;11750.000;True;False
37.047;ACTIVE;583.000;615.000;0.000;True;11750.000;True;11750.000;True;False
37.172;ACTIVE;716.000;655.000;0.000;True;11750.000;True;11750.000;True;False
37.281;ACTIVE;716.000;665.000;0.000;True;11750.000;True;11750.000;True;False
37.422;ACTIVE;716.000;675.000;0.000;True;11750.000;True;11750.000;True;False
37.547;ACTIVE;615.000;665.000;0.000;True;11750.000;True;11750.000;True;False
37.672;ACTIVE;583.000;655.000;0.000;True;11750.000;True;11750.000;True;False
37.797;ACTIVE;665.000;665.000;0.000;True;11750.000;True;11750.000;True;False
37.922;ACTIVE;726.000;665.000;0.000;True;11750.000;True;11750.000;True;False
38.047;ACTIVE;686.000;686.000;51.636;True;11750.000;True;11750.000;True;False
38.187;ACTIVE;716.000;716.000;43.885;True;11750.000;True;11750.000;True;False
38.312;ACTIVE;696.000;696.000;29.496;True;11750.000;True;11750.000;True;False
38.437;ACTIVE;747.000;696.000;58.273;True;11750.000;True;11750.000;True;False
38.547;ACTIVE;736.000;696.000;29.818;True;11750.000;True;11750.000;True;False
38.672;ACTIVE;706.000;706.000;29.475;True;11750.000;True;11750.000;True;False
38.797;ACTIVE;747.000;716.000;29.818;True;11750.000;True;11750.000;True;False
38.906;ACTIVE;747.000;726.000;44.886;True;11750.000;True;11750.000;True;False
39.031;ACTIVE;767.000;736.000;59.603;True;11750.000;True;11750.000;True;False
39.156;ACTIVE;675.000;736.000;52.244;True;11750.000;True;11750.000;True;False
39.281;ACTIVE;603.000;736.000;52.244;True;11750.000;True;11750.000;True;False
39.406;ACTIVE;747.000;747.000;44.886;True;11750.000;True;11750.000;True;False
39.531;ACTIVE;726.000;736.000;14.881;True;11750.000;True;11750.000;True;False
39.656;ACTIVE;706.000;726.000;22.321;True;11750.000;True;11750.000;True;False
39.766;ACTIVE;675.000;726.000;22.573;True;11750.000;True;11750.000;True;False
39.891;ACTIVE;828.000;726.000;22.321;True;11750.000;True;11750.000;True;False
40.016;ACTIVE;716.000;716.000;7.440;True;11750.000;True;11750.000;True;False
40.125;ACTIVE;675.000;706.000;0.000;True;11750.000;True;11750.000;True;False
40.250;ACTIVE;655.000;706.000;0.000;True;11750.000;True;11750.000;True;False
40.391;ACTIVE;696.000;706.000;0.000;True;11750.000;True;11750.000;True;False
40.516;ACTIVE;818.000;706.000;0.000;True;11750.000;True;11750.000;True;False
40.641;ACTIVE;777.000;706.000;0.000;True;11750.000;True;11750.000;True;False
40.766;ACTIVE;747.000;716.000;0.000;True;11750.000;True;11750.000;True;False
40.891;ACTIVE;828.000;747.000;8.088;True;11750.000;True;11750.000;True;False
41.016;ACTIVE;686.000;716.000;0.000;True;11750.000;True;11750.000;True;False
41.141;ACTIVE;757.000;747.000;15.273;True;11750.000;True;11750.000;True;False
41.266;ACTIVE;665.000;747.000;15.273;True;11750.000;True;11750.000;True;False
41.391;ACTIVE;635.000;747.000;22.545;True;11750.000;True;11750.000;True;False
41.516;ACTIVE;787.000;757.000;36.664;True;11750.000;True;11750.000;True;False
41.641;ACTIVE;665.000;747.000;29.475;True;11750.000;True;11750.000;True;False
41.781;ACTIVE;686.000;686.000;0.000;True;11750.000;True;11750.000;True;False
41.906;ACTIVE;696.000;686.000;0.000;True;11750.000;True;11750.000;True;False
42.031;ACTIVE;787.000;686.000;0.000;True;11750.000;True;11750.000;True;False
42.156;ACTIVE;777.000;696.000;0.000;True;11750.000;True;11750.000;True;False
42.281;ACTIVE;716.000;696.000;0.000;True;11750.000;True;11750.000;True;False
42.406;ACTIVE;797.000;716.000;0.000;True;11750.000;True;11750.000;True;False
42.562;ACTIVE;706.000;716.000;0.000;True;11750.000;True;11750.000;True;False
42.687;ACTIVE;675.000;706.000;0.000;True;11750.000;True;11750.000;True;False
42.797;ACTIVE;665.000;706.000;0.000;True;11750.000;True;11750.000;True;False
42.906;ACTIVE;807.000;716.000;0.000;True;11750.000;True;11750.000;True;False
43.031;ACTIVE;675.000;716.000;0.000;True;11750.000;True;11750.000;True;False
43.172;ACTIVE;686.000;706.000;14.378;True;11750.000;True;11750.000;True;False
43.281;ACTIVE;675.000;686.000;0.000;True;11750.000;True;11750.000;True;False
43.406;ACTIVE;696.000;686.000;0.000;True;11750.000;True;11750.000;True;False
43.516;ACTIVE;675.000;675.000;0.000;True;11750.000;True;11750.000;True;False
43.625;ACTIVE;615.000;675.000;0.000;True;11750.000;True;11750.000;True;False
43.750;ACTIVE;615.000;675.000;0.000;True;11750.000;True;11750.000;True;False
43.891;ACTIVE;665.000;675.000;0.000;True;11750.000;True;11750.000;True;False
44.016;ACTIVE;706.000;675.000;0.000;True;11750.000;True;11750.000;True;False
44.141;ACTIVE;696.000;675.000;0.000;True;11750.000;True;11750.000;True;False
44.266;ACTIVE;696.000;675.000;0.000;True;11750.000;True;11750.000;True;False
44.391;ACTIVE;645.000;675.000;0.000;True;11750.000;True;11750.000;True;False
44.531;ACTIVE;686.000;675.000;0.000;True;11750.000;True;11750.000;True;False
44.656;ACTIVE;645.000;665.000;0.000;True;11750.000;True;11750.000;True;False
44.781;ACTIVE;593.000;665.000;0.000;True;11750.000;True;11750.000;True;False
44.891;ACTIVE;593.000;665.000;0.000;True;11750.000;True;11750.000;True;False
45.016;ACTIVE;603.000;645.000;0.000;True;11750.000;True;11750.000;True;False
45.141;ACTIVE;645.000;645.000;0.000;True;11750.000;True;11750.000;True;False
45.281;ACTIVE;583.000;645.000;0.000;True;11750.000;True;11750.000;True;False
45.406;ACTIVE;563.000;603.000;0.000;True;11750.000;True;11750.000;True;False
45.531;ACTIVE;615.000;603.000;0.000;True;11750.000;True;11750.000;True;False
45.641;ACTIVE;563.000;593.000;0.000;True;11750.000;True;11750.000;True;False
45.766;ACTIVE;553.000;593.000;0.000;True;11750.000;True;11750.000;True;False
45.891;ACTIVE;553.000;583.000;0.000;True;11750.000;True;11750.000;True;False
46.016;ACTIVE;553.000;563.000;0.000;True;11750.000;True;11750.000;True;False
46.141;ACTIVE;625.000;563.000;0.000;True;11750.000;True;11750.000;True;False
46.266;ACTIVE;625.000;563.000;0.000;True;11750.000;True;11750.000;True;False
46.391;ACTIVE;522.000;563.000;0.000;True;11750.000;True;11750.000;True;False
46.516;ACTIVE;583.000;563.000;0.000;True;11750.000;True;11750.000;True;False
46.656;ACTIVE;635.000;563.000;0.000;True;11750.000;True;11750.000;True;False
46.766;ACTIVE;645.000;583.000;0.000;True;11750.000;True;11750.000;True;False
46.891;ACTIVE;593.000;593.000;0.000;True;11750.000;True;11750.000;True;False
47.016;ACTIVE;532.000;593.000;0.000;True;11750.000;True;11750.000;True;False
47.125;ACTIVE;543.000;593.000;0.000;True;11750.000;True;11750.000;True;False
47.250;ACTIVE;593.000;593.000;7.358;True;11750.000;True;11750.000;True;False
47.375;ACTIVE;553.000;583.000;14.717;True;11750.000;True;11750.000;True;False
47.500;ACTIVE;492.000;583.000;14.717;True;11750.000;True;11750.000;True;False
47.625;ACTIVE;543.000;553.000;0.000;True;11750.000;True;11750.000;True;False
47.750;ACTIVE;583.000;553.000;0.000;True;11750.000;True;11750.000;True;False
47.875;ACTIVE;573.000;553.000;0.000;True;11750.000;True;11750.000;True;False
48.000;ACTIVE;553.000;553.000;0.000;True;11750.000;True;11750.000;True;False
48.141;ACTIVE;543.000;553.000;0.000;True;11750.000;True;11750.000;True;False
48.266;ACTIVE;615.000;553.000;0.000;True;11750.000;True;11750.000;True;False
48.391;ACTIVE;461.000;553.000;0.000;True;11750.000;True;11750.000;True;False
48.516;ACTIVE;543.000;543.000;0.000;True;11750.000;True;11750.000;True;False
48.641;ACTIVE;492.000;543.000;0.000;True;11750.000;True;11750.000;True;False
48.781;ACTIVE;593.000;553.000;0.000;True;11750.000;True;11750.000;True;False
48.891;ACTIVE;625.000;553.000;0.000;True;11750.000;True;11750.000;True;False
49.031;ACTIVE;471.000;543.000;0.000;True;11750.000;True;11750.000;True;False
49.156;ACTIVE;502.000;543.000;0.000;True;11750.000;True;11750.000;True;False
49.266;ACTIVE;492.000;502.000;0.000;True;11750.000;True;11750.000;True;False
49.391;ACTIVE;441.000;492.000;0.000;True;11750.000;True;11750.000;True;False
49.516;ACTIVE;318.000;492.000;0.000;True;11750.000;True;11750.000;True;False
49.641;ACTIVE;431.000;492.000;0.000;True;11750.000;True;11750.000;True;False
49.766;ACTIVE;543.000;492.000;0.000;True;11750.000;True;11750.000;True;False
49.891;ACTIVE;431.000;471.000;0.000;True;11750.000;True;11750.000;True;False
50.016;ACTIVE;451.000;451.000;0.000;True;11750.000;True;11750.000;True;False
50.141;ACTIVE;451.000;451.000;0.000;True;11750.000;True;11750.000;True;False
50.281;ACTIVE;532.000;451.000;0.000;True;11750.000;True;11750.000;True;False
50.406;ACTIVE;543.000;451.000;0.000;True;11750.000;True;11750.000;True;False
50.531;ACTIVE;471.000;451.000;0.000;True;11750.000;True;11750.000;True;False
50.656;ACTIVE;625.000;471.000;0.000;True;11750.000;True;11750.000;True;False
50.797;ACTIVE;532.000;532.000;28.450;True;11750.000;True;11750.000;True;False
50.906;ACTIVE;492.000;492.000;0.000;True;11750.000;True;11750.000;True;False
51.031;ACTIVE;411.000;492.000;0.000;True;11750.000;True;11750.000;True;False
51.156;ACTIVE;502.000;502.000;7.194;True;11750.000;True;11750.000;True;False
51.266;ACTIVE;635.000;532.000;44.364;True;11750.000;True;11750.000;True;False
51.375;ACTIVE;543.000;532.000;59.603;True;11750.000;True;11750.000;True;False
51.484;ACTIVE;625.000;532.000;60.313;True;11750.000;True;11750.000;True;False
51.609;ACTIVE;482.000;532.000;60.994;True;11750.000;True;11750.000;True;False
51.750;ACTIVE;532.000;532.000;60.268;True;11750.000;True;11750.000;True;False
51.859;ACTIVE;583.000;532.000;60.994;True;11750.000;True;11750.000;True;False
51.984;ACTIVE;502.000;532.000;45.934;True;11750.000;True;11750.000;True;False
52.094;ACTIVE;461.000;532.000;0.000;True;11750.000;True;11750.000;True;False
52.219;ACTIVE;665.000;543.000;38.842;True;11750.000;True;11750.000;True;False
52.344;ACTIVE;573.000;543.000;38.842;True;11750.000;True;11750.000;True;False
52.469;ACTIVE;635.000;573.000;54.075;True;11750.000;True;11750.000;True;False
52.609;ACTIVE;492.000;532.000;0.000;True;11750.000;True;11750.000;True;False
52.734;ACTIVE;615.000;573.000;30.169;True;11750.000;True;11750.000;True;False
52.859;ACTIVE;583.000;583.000;37.091;True;11750.000;True;11750.000;True;False
52.984;ACTIVE;492.000;573.000;29.818;True;11750.000;True;11750.000;True;False
53.109;ACTIVE;603.000;583.000;37.528;True;11750.000;True;11750.000;True;False
53.234;ACTIVE;583.000;583.000;37.091;True;11750.000;True;11750.000;True;False
53.375;ACTIVE;553.000;583.000;36.664;True;11750.000;True;11750.000;True;False
53.500;ACTIVE;553.000;583.000;36.273;True;11750.000;True;11750.000;True;False
53.625;ACTIVE;603.000;583.000;28.450;True;11750.000;True;11750.000;True;False
53.750;ACTIVE;603.000;583.000;28.450;True;11750.000;True;11750.000;True;False
53.875;ACTIVE;615.000;583.000;7.112;True;11750.000;True;11750.000;True;False
53.984;ACTIVE;553.000;583.000;37.091;True;11750.000;True;11750.000;True;False
54.094;ACTIVE;563.000;583.000;7.353;True;11750.000;True;11750.000;True;False
54.219;ACTIVE;615.000;583.000;0.000;True;11750.000;True;11750.000;True;False
54.344;ACTIVE;625.000;603.000;22.059;True;11750.000;True;11750.000;True;False
54.469;ACTIVE;573.000;603.000;14.706;True;11750.000;True;11750.000;True;False
54.594;ACTIVE;583.000;603.000;14.706;True;11750.000;True;11750.000;True;False
54.734;ACTIVE;645.000;603.000;14.717;True;11750.000;True;11750.000;True;False
54.859;ACTIVE;603.000;603.000;14.717;True;11750.000;True;11750.000;True;False
54.984;ACTIVE;543.000;583.000;0.000;True;11750.000;True;11750.000;True;False
55.109;ACTIVE;635.000;603.000;14.717;True;11750.000;True;11750.000;True;False
55.219;ACTIVE;583.000;603.000;14.881;True;11750.000;True;11750.000;True;False
55.344;ACTIVE;563.000;583.000;0.000;True;11750.000;True;11750.000;True;False
55.484;ACTIVE;553.000;583.000;0.000;True;11750.000;True;11750.000;True;False
55.609;ACTIVE;665.000;583.000;0.000;True;11750.000;True;11750.000;True;False
55.719;ACTIVE;655.000;603.000;0.000;True;11750.000;True;11750.000;True;False
55.828;ACTIVE;603.000;603.000;0.000;True;11750.000;True;11750.000;True;False
55.937;ACTIVE;625.000;603.000;0.000;True;11750.000;True;11750.000;True;False
56.062;ACTIVE;635.000;625.000;16.566;True;11750.000;True;11750.000;True;False
56.203;ACTIVE;645.000;625.000;16.369;True;11750.000;True;11750.000;True;False
56.328;ACTIVE;665.000;635.000;38.690;True;11750.000;True;11750.000;True;False
56.453;ACTIVE;675.000;645.000;31.250;True;11750.000;True;11750.000;True;False
56.594;ACTIVE;645.000;645.000;30.545;True;11750.000;True;11750.000;True;False
56.719;ACTIVE;583.000;645.000;45.091;True;11750.000;True;11750.000;True;False
56.828;ACTIVE;615.000;635.000;38.690;True;11750.000;True;11750.000;True;False
56.953;ACTIVE;635.000;635.000;38.690;True;11750.000;True;11750.000;True;False
57.078;ACTIVE;655.000;645.000;30.905;True;11750.000;True;11750.000;True;False
57.187;ACTIVE;655.000;645.000;30.905;True;11750.000;True;11750.000;True;False
57.297;ACTIVE;675.000;655.000;38.235;True;11750.000;True;11750.000;True;False
57.406;ACTIVE;625.000;645.000;14.881;True;11750.000;True;11750.000;True;False
57.547;ACTIVE;777.000;645.000;14.881;True;11750.000;True;11750.000;True;False
57.672;ACTIVE;716.000;655.000;14.881;True;11750.000;True;11750.000;True;False
57.797;ACTIVE;716.000;655.000;7.440;True;11750.000;True;11750.000;True;False
57.922;ACTIVE;767.000;675.000;22.590;True;11750.000;True;11750.000;True;False
58.047;ACTIVE;757.000;716.000;53.464;True;11750.000;True;11750.000;True;False
58.172;ACTIVE;807.000;716.000;60.268;True;11750.000;True;11750.000;True;False
58.312;ACTIVE;716.000;716.000;59.603;True;11750.000;True;11750.000;True;False
58.437;ACTIVE;910.000;757.000;82.414;True;11750.000;True;11750.000;True;False
58.562;ACTIVE;777.000;767.000;88.727;True;11750.000;True;11750.000;True;False
58.672;ACTIVE;757.000;757.000;74.182;True;11750.000;True;11750.000;True;False
58.797;ACTIVE;686.000;757.000;80.518;True;11750.000;True;11750.000;True;False
58.922;ACTIVE;696.000;757.000;81.455;True;11750.000;True;11750.000;True;False
59.031;ACTIVE;787.000;757.000;75.055;True;11750.000;True;11750.000;True;False
59.156;ACTIVE;736.000;757.000;75.055;True;11750.000;True;11750.000;True;False
59.281;ACTIVE;675.000;736.000;44.886;True;11750.000;True;11750.000;True;False
59.406;ACTIVE;645.000;736.000;14.717;True;11750.000;True;11750.000;True;False
59.531;ACTIVE;665.000;696.000;0.000;True;11750.000;True;11750.000;True;False
59.656;ACTIVE;747.000;696.000;0.000;True;11750.000;True;11750.000;True;False
59.797;ACTIVE;675.000;686.000;0.000;True;11750.000;True;11750.000;True;False
59.906;ACTIVE;625.000;675.000;0.000;True;11750.000;True;11750.000;True;False
60.031;ACTIVE;828.000;675.000;0.000;True;11750.000;True;11750.000;True;False
