k,u_k,u_k_1,u_k_2,y,y_previsto_antes_update,erro_predicao,a1,a2,b1,b2,b1_real
1.0,0.0705087685450978,0.0,0.0,0.0,0.0,0.0,0.0,0.0,0.0,0.0,0.1
2.0,0.6349010521628575,0.0705087685450978,0.0,0.00705087685450978,0.0,0.00705087685450978,0.0,0.0,0.09802819151448684,0.0,0.1
3.0,0.08049793146604656,0.6349010521628575,0.0705087685450978,0.07618168355440337,0.0622382019341698,0.013943481620233573,0.00752235415449994,0.0,0.11138434571995086,0.07522354154499941,0.1
4.0,0.40763639883051483,0.08049793146604656,0.6349010521628575,0.13502356087403664,0.05729878070627386,0.07772478016776277,0.02375906941913819,0.0022361106075878398,0.09781933789533717,0.19734070325480074,0.1
5.0,0.6182161009561438,0.40763639883051483,0.08049793146604656,0.18019638274027303,0.0591386258684323,0.12105775687184073,0.7217075867008709,0.4265852581079989,0.10044582028873263,0.10862417351323103,0.1
6.0,0.44427194683904436,0.6182161009561438,0.40763639883051483,0.2539069713991197,0.29402454737893724,-0.04011757597981752,1.1188380229082007,-0.2616505488986505,0.10026730770153702,0.06730950572253654,0.1
7.0,0.8654313926360967,0.44427194683904436,0.6182161009561438,0.3213378286337184,0.3230900636111995,-0.0017522349774811152,1.1237101850555298,-0.2738895646468216,0.10085854985585072,0.06656443288617396,0.1
8.0,0.6776033338995551,0.8654313926360967,0.44427194683904436,0.40739834073073133,0.40840698647162343,-0.0010086457408921001,1.1256365865158386,-0.27882944524418923,0.10080566654137196,0.06674087646292784,0.1
9.0,0.12440745893021832,0.6776033338995551,0.8654313926360967,0.4928826075168603,0.4950499345059108,-0.0021673269890504776,1.136118256526826,-0.2942323050190942,0.10140391468552463,0.06551856576794206,0.1
10.0,0.23061356841771596,0.12440745893021832,0.6776033338995551,0.49789267228416423,0.4971141778185713,0.000778494465592916,1.1375441135242992,-0.2939916251522746,0.10102089323874909,0.06525821002003807,0.1
11.0,0.34709955419584804,0.23061356841771596,0.12440745893021832,0.45055927241251204,0.45288691648802204,-0.0023276440755100047,1.1459297447410453,-0.30599765657744143,0.10100921565925801,0.06554896249863096,0.1
12.0,0.22692648606578547,0.34709955419584804,0.23061356841771596,0.40997653439736303,0.4141320149532357,-0.00415548055587267,1.176374201799425,-0.3379621629107548,0.10044413402726367,0.062901307048218,0.1
13.0,0.01988860109223134,0.22692648606578547,0.34709955419584804,0.3732891250666608,0.3746402821996643,-0.0013511571330034888,1.1830059442677867,-0.34469032989964016,0.1004328208914543,0.06211963507912874,0.1
14.0,0.016162907429978057,0.01988860109223134,0.22692648606578547,0.3159598469701124,0.316382365807316,-0.0004225188372035671,1.1838496098909723,-0.34565477060466865,0.10048476345236806,0.062025279697717844,0.1
15.0,0.7332776397899778,0.016162907429978057,0.01988860109223134,0.24757733814866872,0.2478774966579907,-0.0003001585093219683,1.184291763374319,-0.34618804411453336,0.10048879723019132,0.062023700218701065,0.1
16.0,0.9022866109461826,0.7332776397899778,0.016162907429978057,0.2576447992939585,0.2585109523096844,-0.0008661530157259012,1.1870358432923211,-0.3487310378274714,0.10013510569316322,0.06192614880528248,0.1
17.0,0.19358927946656634,0.9022866109461826,0.7332776397899778,0.3542712369012464,0.35525533491447925,-0.000984098013232848,1.190587398265466,-0.35167272859700405,0.099953901514441,0.06128188046722483,0.1
18.0,0.6823207222174619,0.19358927946656634,0.9022866109461826,0.40586948113909815,0.40582804465924377,4.1436479854384256e-05,1.1905947662083483,-0.3516814019287361,0.0999457789130584,0.06129689415296221,0.1
19.0,0.5415380653030132,0.6823207222174619,0.19358927946656634,0.43935316107220923,0.43869697237460564,0.000656188697603588,1.1925216873402384,-0.35328748898541584,0.10005200632520744,0.06094422761702489,0.1
20.0,0.7064917748253171,0.5415380653030132,0.6823207222174619,0.47620382993992477,0.47631504247032436,-0.00011121253039958479,1.19259140060144,-0.35336052453709016,0.10005192533920687,0.06092306461489668,0.1
21.0,0.30900800409617235,0.7064917748253171,0.5415380653030132,0.516418919342627,0.5163445499177883,7.43694248386273e-05,1.1926256278233416,-0.35338175188739895,0.10005804722541876,0.06091783322776202,0.1
22.0,0.5244896510268896,0.30900800409617235,0.7064917748253171,0.5215596313319156,0.5215693798036739,-9.748471758275201e-06,1.1926256789077092,-0.3533837023784802,0.10005929886764846,0.060916546780024595,0.1
23.0,0.1512367415264917,0.5244896510268896,0.30900800409617235,0.5109501919834123,0.5108351469945038,0.00011504498890846371,1.1927088652346431,-0.35342526355394493,0.10006249812655237,0.06089270903609105,0.1
24.0,0.06282815437056744,0.1512367415264917,0.5244896510268896,0.4719718163148676,0.4721531953874599,-0.00018137907259230257,1.1928766931381314,-0.3536245694668545,0.1000878158932952,0.06086214127051112,0.1
25.0,0.11424592910182585,0.06282815437056744,0.1512367415264917,0.3977811303924589,0.39781256251657,-3.1432124111108184e-05,1.1928792591018718,-0.3536378270962113,0.10009088327084356,0.060864802971966954,0.1
26.0,0.49673006525731844,0.11424592910182585,0.06282815437056744,0.32262178477001496,0.32285677172577626,-0.00023498695576129602,1.1931688856814082,-0.3539616053504276,0.10009713536769604,0.06085612914559097,0.1
27.0,0.04126152499509406,0.49673006525731844,0.11424592910182585,0.3004726970545742,0.30081684953780835,-0.00034415248323416137,1.1938046198309553,-0.35456707769982604,0.10005474202564632,0.06081917408962226,0.1
28.0,0.41058191707611214,0.04126152499509406,0.49673006525731844,0.2783533503632321,0.2786537540020145,-0.000300403638782365,1.194303671645733,-0.355024988212356,0.10008459590570086,0.06071716557340485,0.1
29.0,0.15344703499761436,0.41058191707611214,0.04126152499509406,0.2693877327035487,0.2693613207254531,2.6411978095608468e-05,1.194308664204428,-0.35502641927863215,0.10008693684888027,0.06071333250671468,0.1
30.0,0.008947729984748465,0.15344703499761436,0.41058191707611214,0.2630376916378231,0.2631951500787064,-0.00015745844088332905,1.1944610890395067,-0.3551669700218923,0.1000932516461288,0.06068201035322982,0.1
31.0,0.7854688197636931,0.008947729984748465,0.15344703499761436,0.22876724129044185,0.22871774478218798,4.9496508253865645e-05,1.1944785578986954,-0.35517563967058,0.10008959277395339,0.06067964972916267,0.1
32.0,0.7707554936753191,0.7854688197636931,0.008947729984748465,0.2589108663343681,0.25899318351426476,-8.231717989665155e-05,1.1945161363922943,-0.3552101956787264,0.10007238195978138,0.06068751812632605,0.1
33.0,0.11488037289926367,0.7707554936753191,0.7854688197636931,0.35254051129003616,0.35281224257780036,-0.00027173128776419864,1.194917618066532,-0.35551971045849057,0.10004254549582618,0.060602805414998656,0.1
34.0,0.8152335382638499,0.11488037289926367,0.7707554936753191,0.3875740685781164,0.3874118219269945,0.00016224665112185566,1.1950650398728315,-0.3556528771629085,0.10002587291732627,0.060614087336530995,0.1
35.0,0.7477801203965802,0.8152335382638499,0.11488037289926367,0.4265904744296674,0.4263019878146893,0.0002884866149781007,1.1955060010481295,-0.3560266966496082,0.10006221001026346,0.06052868473582996,0.1
36.0,0.22947350062996652,0.7477801203965802,0.8152335382638499,0.496073928962968,0.4961743020999909,-0.00010037313702293549,1.1955677004306717,-0.3560752589266165,0.10005593687006899,0.06051197347508379,0.1
37.0,0.14582475407230944,0.22947350062996652,0.7477801203965802,0.5095303012476727,0.5094014897587106,0.000128811488962155,1.1956675835123072,-0.35615541000447637,0.10004466871488187,0.060513815657444965,0.1
38.0,0.569650773027582,0.14582475407230944,0.22947350062996652,0.46120063251556775,0.46102475678374916,0.00017587573181859772,1.19585617391431,-0.35628736309174386,0.1000324886585126,0.06048356278908131,0.1
39.0,0.8899656869147103,0.569650773027582,0.14582475407230944,0.43572441311661586,0.43579400152138076,-6.958840476489758e-05,1.1958826170971,-0.3563212463792969,0.10002868079275865,0.06048743084349235,0.1
40.0,0.8767654892239185,0.8899656869147103,0.569650773027582,0.4800126831074606,0.48021847263347694,-0.00020578952601635336,1.1961259891454048,-0.3565369007216387,0.1000081119647834,0.06045889056263455,0.1
41.0,0.059518514937451306,0.8767654892239185,0.8899656869147103,0.5602289211442454,0.560293812845738,-6.48917014925976e-05,1.1961523737707516,-0.3565562012023608,0.10000406494670572,0.06045045972037984,0.1
42.0,0.34590115034707236,0.059518514937451306,0.8767654892239185,0.5580279203015889,0.5579206253878535,0.00010729491373540068,1.196218892560049,-0.3566074154515229,0.09999099706909348,0.0604558520069551,0.1
43.0,0.2891327623522568,0.34590115034707236,0.059518514937451306,0.5061123186809325,0.505926996651592,0.00018532202934051778,1.196419904619519,-0.356751281849493,0.09998988210736715,0.06041329266485756,0.1
44.0,0.2775898947953682,0.2891327623522568,0.34590115034707236,0.45611207636459705,0.45625305441761455,-0.0001409780530174931,1.1965332674476232,-0.35687440497906364,0.09999525822163167,0.060403782945510756,0.1
45.0,0.9334872688462611,0.2775898947953682,0.2891327623522568,0.410241012133053,0.41035712630235915,-0.00011611416930618068,1.196611955648802,-0.356960050432448,0.09999841422512727,0.060397938480062925,0.1
46.0,0.9398659118729188,0.9334872688462611,0.2775898947953682,0.4380929876407569,0.43819861400643023,-0.00010562636567335026,1.196677123099043,-0.3570206859398061,0.09998663991423706,0.06039736683416629,0.1
47.0,0.49261437515355266,0.9398659118729188,0.9334872688462611,0.5280206481190768,0.5281455360570578,-0.00012488793798104414,1.1967703038203934,-0.35709342250106646,0.09997870948193585,0.060376415752880566,0.1
48.0,0.820258632726547,0.49261437515355266,0.9398659118729188,0.5815646944199501,0.5814759916898553,8.870273009475849e-05,1.1968170295214196,-0.3571365751945722,0.0999766856267377,0.060379825185817894,0.1
49.0,0.5737083123137864,0.820258632726547,0.49261437515355266,0.6193729257629402,0.6192017534614634,0.0001711723014767852,1.1969908120657675,-0.35728548936719173,0.09998700506428017,0.06035427893165784,0.1
50.0,0.32578329741873635,0.5737083123137864,0.820258632726547,0.6404705701193176,0.6404685691804354,2.0009388822517238e-06,1.1969908577417363,-0.357285437945032,0.09998696502316987,0.060354371032400204,0.1
51.0,0.394382763292324,0.32578329741873635,0.5737083123137864,0.7103262485748444,0.6125443775628514,0.09778187101199298,1.2282920632459526,-0.37356142885228727,0.09487410786115133,0.05743842195018476,0.4
52.0,0.4793713738430273,0.394382763292324,0.32578329741873635,0.7991221962089127,0.6893621834527766,0.10976001275613612,1.395228851599819,-0.5099226942656575,0.09319645060270013,0.032980611525453785,0.4
53.0,0.17003683157305782,0.4793713738430273,0.394382763292324,0.9186407012985015,0.8104295648947742,0.10821113640372726,1.549419108279019,-0.6377433258219432,0.0923122767025276,0.011065308565035358,0.4
54.0,0.7960791440086328,0.17003683157305782,0.4793713738430273,0.911461865982798,0.9347254883009408,-0.02326362231814283,1.518796653590716,-0.6127115283142468,0.0937176245667044,0.014738902406862488,0.4
55.0,0.1445331246903767,0.7960791440086328,0.17003683157305782,1.0916774542097336,0.8985762864756588,0.19310116773407482,1.5856202313313958,-0.645905939665762,0.10182522165100268,-0.014974656945386038,0.4
56.0,0.45950688431666964,0.1445331246903767,0.7960791440086328,1.0874646718145415,1.1450633298407826,-0.05759865802624109,1.5176389050394965,-0.587632589499061,0.1058735753794102,-0.009742092243904588,0.4
57.0,0.7215013487626102,0.45950688431666964,0.1445331246903767,1.1044284638700361,1.0561150262077732,0.048313437662262926,1.5261734094949324,-0.5868896696163982,0.10499014821060039,-0.01551338573400212,0.4
58.0,0.36961795845763634,0.7215013487626102,0.45950688431666964,1.2499978273548529,1.115949598283943,0.13404822907090996,1.542312026255466,-0.5862529320619679,0.10552410645468903,-0.024726558908880994,0.4
59.0,0.8108694172754508,0.36961795845763634,0.7215013487626102,1.2935404101414216,1.301575615918922,-0.008035205777500387,1.5358210138031565,-0.580771475914163,0.10582682497293505,-0.024103947442866466,0.4
60.0,0.33287739622808066,0.8108694172754508,0.36961795845763634,1.4487741187395975,1.3375859450696865,0.11118817366991096,1.5736553893853444,-0.6048689628869224,0.108748580695286,-0.03680115033395875,0.4
61.0,0.10755454143523469,0.33287739622808066,0.8108694172754508,1.4546575183643646,1.5038077706809871,-0.04915025231662251,1.5433613235204795,-0.580098803897129,0.11146787234631993,-0.03448389665781902,0.4
62.0,0.7336788794181148,0.10755454143523469,0.33287739622808066,1.2870247996387612,1.4051399855776012,-0.11811518593884007,1.5720802796849063,-0.6269688529859377,0.12212701598636135,-0.03217159924483878,0.4
63.0,0.5770510169726961,0.7336788794181148,0.10755454143523469,1.320677877208702,1.1974231618327724,0.12325471537592958,1.4613499523326605,-0.503882214568622,0.11980881814305647,-0.031244554388013452,0.4
64.0,0.7205816097757612,0.5770510169726961,0.7336788794181148,1.3963256643346535,1.3276759773594513,0.06864968697520224,1.456255169197469,-0.49426606200647405,0.11760066405857633,-0.03013178244941564,0.4
65.0,0.7689709095535561,0.7205816097757612,0.5770510169726961,1.5230024663351176,1.4479935131358066,0.075008953199311,1.4844084983219135,-0.5171778285377608,0.1189511922326061,-0.035416902928858525,0.4
66.0,0.3259172555975858,0.7689709095535561,0.7205816097757612,1.675748980849634,1.6045583665387784,0.0711906143108556,1.5240310477742853,-0.5523558540758848,0.12045188084493558,-0.0408908724086532,0.4
67.0,0.6911407945537724,0.3259172555975858,0.7689709095535561,1.639123045951166,1.7204676021267742,-0.0813445561756081,1.4854332474897145,-0.5203306000766974,0.12415463807566657,-0.037594238272522326,0.4
68.0,0.10138596925555932,0.6911407945537724,0.3259172555975858,1.659689375192895,1.6364201206421591,0.023269254550735807,1.4800987643578412,-0.512975263511475,0.12390971497814875,-0.038510657540665634,0.4
69.0,0.6311572324959245,0.10138596925555932,0.6911407945537724,1.483565789064504,1.601621037118106,-0.11805524805360212,1.5154034911900822,-0.5577552253074591,0.13605136246582958,-0.045099812465633264,0.4
70.0,0.5652372928311777,0.6311572324959245,0.10138596925555932,1.441336822961666,1.4037976679685702,0.0375391549930959,1.4888694090433592,-0.5287678447380378,0.135259024353034,-0.04465355401015464,0.4
71.0,0.7379297330446636,0.5652372928311777,0.6311572324959245,1.4594848545730046,1.4097704502107835,0.049714404362221076,1.4706194948512537,-0.5085564466422996,0.1334767330841477,-0.042347179342116986,0.4
72.0,0.4223055979539977,0.7379297330446636,0.5652372928311777,1.561586700009142,1.4879059914772053,0.07368070853193665,1.4740027752560532,-0.509002734148032,0.13435457014574934,-0.04428141330822861,0.4
73.0,0.10355404067846252,0.4223055979539977,0.7379297330446636,1.5616875155289673,1.5829634637729864,-0.021275948244019016,1.468253601100385,-0.5042786359752354,0.13491573800186252,-0.0439072499251138,0.4
74.0,0.24093230870479787,0.10355404067846252,0.4223055979539977,1.3786137587800946,1.5009072998183095,-0.12229354103821488,1.4813117993851423,-0.5250148391029859,0.14296777490545082,-0.044904881109328866,0.4
75.0,0.3413578200781727,0.24093230870479787,0.10355404067846252,1.194715170868312,1.2520431821743754,-0.057328011306063464,1.5192864031004154,-0.5655711993897283,0.14599849229900416,-0.047479873615664706,0.4
76.0,0.6548552928035675,0.3413578200781727,0.24093230870479787,1.088356318434697,1.07380856912823,0.014547749306466962,1.5098226192423652,-0.5557926030505904,0.14540734046558776,-0.04652200722997237,0.4
77.0,0.05981062135455639,0.6548552928035675,0.3413578200781727,1.1583537069351615,1.0585512481898178,0.09980245874534366,1.4766530096316313,-0.5214715316567954,0.14642734082364875,-0.04456950055750826,0.4
78.0,0.5231856915732805,0.05981062135455639,0.6548552928035675,1.0614317397957396,1.1225109881015323,-0.0610792483057927,1.472650098084648,-0.5192748633658136,0.14992374615065848,-0.04666131744282034,0.4
79.0,0.58992740962768,0.5231856915732805,0.05981062135455639,1.0695736671688152,1.0372607092459265,0.032312957922888685,1.4682057326404931,-0.5139212759864148,0.15054450741797204,-0.04775395645711583,0.4
80.0,0.7429367997698924,0.58992740962768,0.5231856915732805,1.1687350796215807,1.0886879800906455,0.08004709953093525,1.467849178602639,-0.5124687305689526,0.15139773313021881,-0.047692505647445295,0.4
81.0,0.9569248511171776,0.7429367997698924,0.58992740962768,1.3500059398507411,1.251747598191575,0.09825834165916603,1.5013516103962021,-0.5438608443468688,0.15535678836867262,-0.05295341622938732,0.4
82.0,0.9503447334513304,0.9569248511171776,0.7429367997698924,1.6266086475901849,1.5005280746079415,0.1260805729822434,1.5710809915681643,-0.6106225552818058,0.16284920598042749,-0.06342823872352635,0.4
83.0,0.9464116166159346,0.9503447334513304,0.9569248511171776,1.9034816232095177,1.825256677665158,0.07822494554435977,1.6226237733433309,-0.6598873792186283,0.16615471660539816,-0.06992126674120638,0.4
84.0,0.6558183569372391,0.9464116166159346,0.9503447334513304,2.1341841653724085,2.106057462816397,0.028126702556011463,1.6389154633570215,-0.6751746638521139,0.16698232669106677,-0.07220676524981245,0.4
85.0,0.12966035605709103,0.6558183569372391,0.9464116166159346,2.1948796538633153,2.2537376188787874,-0.058857965015472136,1.6154378349607583,-0.6543697379953658,0.1678455429980551,-0.06945837940278453,0.4
86.0,0.36790878374028124,0.12966035605709103,0.6558183569372391,1.956762528940982,2.125356935520037,-0.168594406579055,1.6071425505744288,-0.6561843327224391,0.1796573766706291,-0.06916489953225621,0.4
87.0,0.755984089473163,0.36790878374028124,0.12966035605709103,1.7129014941979224,1.761680261995177,-0.04877876779725465,1.6253880378244883,-0.6767292794776637,0.18113579089384216,-0.06937622424994064,0.4
88.0,0.28416878496193887,0.755984089473163,0.36790878374028124,1.6755154454324352,1.5713427559874673,0.10417268944496794,1.5828314726290407,-0.632396700842916,0.18118398194967564,-0.06626432679180928,0.4
89.0,0.4401139465320568,0.28416878496193887,0.755984089473163,1.5530005559608355,1.570217381357804,-0.01721682539696845,1.5858108344030974,-0.6357202185986381,0.18210847268960967,-0.06728242451923087,0.4
90.0,0.18025876067922764,0.4401139465320568,0.28416878496193887,1.4535108125078648,1.4586349760284507,-0.005124163520585867,1.5865780367235809,-0.636622364632786,0.18215858215331496,-0.06726347211853823,0.4
91.0,0.5094017654027592,0.18025876067922764,0.4401139465320568,1.2836431159271515,1.3206655331479098,-0.037022417220758275,1.5934541317160025,-0.64426423942888,0.18372990603553502,-0.06863972000055808,0.4
92.0,0.47955931440237665,0.5094017654027592,0.18025876067922764,1.2316840784116079,1.1902008162320048,0.041483262179603075,1.5849036274365642,-0.635113395296325,0.18401249461660815,-0.06866693247219428,0.4
93.0,0.3205384190286945,0.47955931440237665,0.5094017654027592,1.238297204045271,1.1901074751588554,0.048189728886415706,1.579378481284821,-0.6292124597341541,0.18367572298471116,-0.06754914436082618,0.4
94.0,0.2865850575270511,0.3205384190286945,0.47955931440237665,1.1995393031017672,1.2072302934128247,-0.007690990311057577,1.5793917655247938,-0.6293546050786973,0.18380558510644132,-0.06760796387510921,0.4
95.0,0.7290382059941237,0.2865850575270511,0.3205384190286945,1.1275264984183648,1.14621943424756,-0.01869293582919518,1.5799995581339046,-0.630317553742123,0.18404874225420403,-0.06757030567758719,0.4
96.0,0.6853773684020983,0.7290382059941237,0.2865850575270511,1.230008034834674,1.1402146150653962,0.0897934197692778,1.574744824786583,-0.6243613768290724,0.1871046793770761,-0.06956099358517057,0.4
97.0,0.4192721945047634,0.6853773684020983,0.7290382059941237,1.387993342091484,1.310489481134742,0.077503860956742,1.5829773292079934,-0.6320649574059292,0.18816565731925924,-0.06977788030236559,0.4
98.0,0.8442572236322893,0.4192721945047634,0.6853773684020983,1.4316206378753296,1.4507854655760903,-0.019164827700760778,1.5787935393796144,-0.6283114859936403,0.18833917499946745,-0.0694150706021199,0.4
99.0,0.8073331948994097,0.8442572236322893,0.4192721945047634,1.5811263834206628,1.5180441546045058,0.063082228816157,1.58762449969262,-0.6359485791894512,0.19091720787418384,-0.0729594711651352,0.4
100.0,0.9768886613423247,0.8073331948994097,0.8442572236322893,1.7555569418473782,1.6923351116647023,0.06322183018267591,1.5989289750309366,-0.6463960815768857,0.1919071894478634,-0.07412154707086527,0.4
