metric;value
run_id;20260727-144356
gateway_rows_analyzed;2211
monitor_samples;300
control_duration_s;315.635
setpoint_cm;14.0
initial_level_cm;0.042671
step_amplitude_cm;13.957329
peak_level_cm;18.953819
peak_time_s;50.609
absolute_overshoot_cm;4.953818999999999
overshoot_percent_setpoint;35.38442142857142
overshoot_percent_step;35.49260033921963
t10_s;8.63764129846288
t90_s;28.81842577357367
rise_time_10_90_s;20.18078447511079
settling_time_2_percent_s;129.157
settling_time_5_percent_s;118.914
final_level_mean_cm;13.999270065326634
final_level_std_cm;0.0022784005234991775
steady_state_error_mean_cm;0.0007299346733668028
iae_cm_s;475.6662349
ise_cm2_s;3605.6205047844123
maximum_requested_dac;31988
maximum_applied_dac;31986
minimum_applied_dac;150
maximum_requested_applied_gap;300
maximum_sampled_applied_feedback_error;0
boundary_limited_rows;153
enable_feedback_mismatches;0
requested_saturation_rows;0
applied_saturation_rows;0
maximum_reconnection_count;0
reconnected_rows;0
actual_dac_writes;1427
maximum_actual_write_delta;150
actual_write_rate_violations;0
actual_delta_mismatches;0
actual_limited_flag_mismatches;0
